trp_multiplayer_profile_troop_male|Mehrspieler-Profil Truppe Männlich
trp_multiplayer_profile_troop_male_pl|Mehrspieler-Profil Truppe Männlich
trp_multiplayer_profile_troop_female|Mehrspieler-Profil Truppe Weiblich
trp_multiplayer_profile_troop_female_pl|Mehrspieler-Profil Truppe Weiblich
trp_temp_troop|Temporäre Truppe
trp_temp_troop_pl|Temporäre Truppe
trp_find_item_cheat|Item Cheat
trp_find_item_cheat_pl|Item Cheat
trp_random_town_sequence|Zufällige Stadt Sequenz
trp_random_town_sequence_pl|Zufällige Stadt Sequenz
trp_tournament_participants|Turnierteilnehmer
trp_tournament_participants_pl|Turnierteilnehmer
trp_tutorial_maceman|Streitkolbenkämpfer
trp_tutorial_maceman_pl|Streitkolbenkämpfer
trp_tutorial_archer|Bogenschütze
trp_tutorial_archer_pl|Bogenschütze
trp_tutorial_swordsman|Schwertkämpfer
trp_tutorial_swordsman_pl|Schwertkämpfer
trp_novice_fighter|Kampfanfänger
trp_novice_fighter_pl|Kampfanfänger
trp_regular_fighter|Kämpfer
trp_regular_fighter_pl|Normale Kämpfer
trp_veteran_fighter|Kampfveteran
trp_veteran_fighter_pl|Kampfveteran
trp_champion_fighter|Kampfmeister
trp_champion_fighter_pl|Kampfmeister
trp_arena_training_fighter_1|Kampfanfänger
trp_arena_training_fighter_1_pl|Kampfanfänger
trp_arena_training_fighter_2|Kampfanfänger
trp_arena_training_fighter_2_pl|Kampfanfänger
trp_arena_training_fighter_3|Normal Kämpfer
trp_arena_training_fighter_3_pl|Normale Kämpfer
trp_arena_training_fighter_4|Normal Kämpfer
trp_arena_training_fighter_4_pl|Normale Kämpfer
trp_arena_training_fighter_5|Normal Kämpfer
trp_arena_training_fighter_5_pl|Normale Kämpfer
trp_arena_training_fighter_6|Kampfveteran
trp_arena_training_fighter_6_pl|Kampfveteran
trp_arena_training_fighter_7|Kampfveteran
trp_arena_training_fighter_7_pl|Kampfveteran
trp_arena_training_fighter_8|Kampfveteran
trp_arena_training_fighter_8_pl|Kampfveteran
trp_arena_training_fighter_9|Kampfmeister
trp_arena_training_fighter_9_pl|Kampfmeister
trp_arena_training_fighter_10|Kampfmeister
trp_arena_training_fighter_10_pl|Kampfmeister
trp_cattle|Rind
trp_cattle_pl|Rinder
trp_farmer|Bauer
trp_farmer_pl|Bauern
trp_cantaber_iuventus|Kantabrianische Krieger
trp_cantaber_iuventus_pl|Kantabrianische Räuber
trp_asturias_veteran|Asturischer Veteran
trp_asturias_veteran_pl|Asturischer Veteran
trp_gallaecia_warrior|Gallaecian Wache
trp_gallaecia_warrior_pl|Gallaecian Wache
trp_townsman|Dorfbewohner
trp_townsman_pl|Dorfbewohner
trp_watchman|Wache
trp_watchman_pl|Wächter
trp_mercenary_cavalry|Französischer Reiter
trp_mercenary_cavalry_pl|Französischer Reiter
trp_caravan_guard|Speerkämpfer
trp_caravan_guard_pl|Speerkämpfer
trp_mercenary_swordsman|Veteran
trp_mercenary_swordsman_pl|Veteranen
trp_regular_sailors|Seemann
trp_regular_sailors_pl|Seemänner
trp_mercenary_horseman|Aquitanischer Scharmützler
trp_mercenary_horseman_pl|Aquitanische Scharmützler
trp_mercenary_leader|Alter Kapitän
trp_mercenary_leader_pl|Alter Kapitän
trp_hired_blade|Svear Krieger
trp_hired_blade_pl|Sviar Krieger
trp_mercenary_crossbowman|Finnischer Bogenschütze
trp_mercenary_crossbowman_pl|Finnische Bogenschützen
trp_mercenaries_end|Dorfbewohner
trp_mercenaries_end_pl|Dorfbewohner
trp_norse_slave|Nordischer Freigelassener (Leysingi)
trp_norse_slave_pl|Nordische Freigelassene (Leysingja)
trp_norse_bowman|Nordischer Bogenschütze (Gestr.)
trp_norse_bowman_pl|Nordische Bogenschützen (Gestir)
trp_norse_elitearcher|Nordischer Bogenschützen-Krieger (Heimthegi)
trp_norse_elitearcher_pl|Nordische Bogenschützen-Krieger (Heimthegar)
trp_norse_level0_landed|Nordischer Unabhängiger (Boandi)
trp_norse_level0_landed_pl|Nordische Unabhängige (Bondar)
trp_norse_level1_landed|Nordischer Speerkämpfer (Drengr)
trp_norse_level1_landed_pl|Nordische Speerkämpfer (Drengir)
trp_norse_level2_landed|Nordischer Elite Speerkämpfer (thane)
trp_norse_level2_landed_pl|Nordische Elite Speerkämpfer (Thegnar)
trp_norse_level3_landed|Nordischer Adeliger (Hersir)
trp_norse_level3_landed_pl|Nordische Adlige (Hersir)
trp_norse_level0_companion|Nordischer Gefährte (Hirthmathr)
trp_norse_level0_companion_pl|Nordische Gefährten (Hirthmathr)
trp_norse_level1_companion|Nordischer Veteran (Rekkr)
trp_norse_level1_companion_pl|Nordische Veteranen (Rekkar)
trp_norse_level2_companion|Nordische Leibwache (Huskarl)
trp_norse_level2_companion_pl|Nordische Leibwächter (Huskarlar)
trp_norse_standard_bearer|Standartenträger (Merkismathr)
trp_norse_standard_bearer_pl|Standartenträger (Merkismathr)
trp_norse_priest|Priester
trp_norse_priest_pl|Gothar
trp_briton_slave|Britannischer Leibeigener (Aillt)
trp_briton_slave_pl|Britannische Leibeigene (Aillts)
trp_briton_level0_landed|Freier Britannier (Bonheddwr)
trp_briton_level0_landed_pl|Freie Britannier (Bonheddwyr)
trp_briton_level1_landed|Britannischer Speerkämpfer (Pedyt)
trp_briton_level1_landed_pl|Britannische Speerkämpfer (Pedytes)
trp_briton_level2_landed|Britannischer Elite-Speerkämpfer (Gwrda)
trp_briton_level2_landed_pl|Britannische Elite-Speerkämpfer (Gwrdas)
trp_briton_level3_landed|Britannischer Adliger (Uchelwr)
trp_briton_level3_landed_pl|Britannische Adlige (Uchelwyr)
trp_briton_level0_companion|Britannischer Krieger (Cadwr)
trp_briton_level0_companion_pl|Britannische Krieger (Cadwyr)
trp_briton_level1_companion|Britannischer Kämpfer (Campiwr)
trp_briton_level1_companion_pl|Britannische Kämpfer (Campgwr)
trp_briton_level2_companion|Britannische Leibwache (Teulu)
trp_briton_level2_companion_pl|Britannische Leibwächter (Teulus)
trp_briton_bowman|Britannischer Scharmützler (Cipryswr)
trp_briton_bowman_pl|Britannische Scharmützler (Cipryswyr)
trp_briton_marksman|Britannischer Bogenschütze (Saethydd)
trp_briton_marksman_pl|Britannische Bogenschützen (Saethydds)
trp_briton_horseman|Britannischer Reiter (Marchoc)
trp_briton_horseman_pl|Britannische Reiter (Marcach)
trp_briton_standard_bearer|Standartenträger (Gwas Ys Tafell)
trp_briton_standard_bearer_pl|Standartenträger (Gwas Ys Tafell)
trp_briton_priest|Britannischer Priester
trp_briton_priest_pl|Britannische Priester
trp_saxon_slave|Sächsischer Bauer (Gebur)
trp_saxon_slave_pl|Bauern (Geburas)
trp_saxon_bowman|Sächsischer Bogenschütze (Scytta)
trp_saxon_bowman_pl|Sächsische Bogenschützen (Scyttena)
trp_saxon_level0_landed|Sächsischer Unabhängiger (Kotsetla)
trp_saxon_level0_landed_pl|Sächsische Unabhängige (Kotsetlas)
trp_saxon_level1_landed|Sächsischer Speerkämpfer (Cniht)
trp_saxon_level1_landed_pl|Sächsische Speerkämpfer (Cnihtes)
trp_saxon_level2_landed|Sächsischer Krieger (Cempa)
trp_saxon_level2_landed_pl|Sächsische Krieger (Cempan)
trp_saxon_level3_landed|Sächsischer Adliger (Thane)
trp_saxon_level3_landed_pl|Sächsische Adlige (Thanes)
trp_saxon_level0_companion|Sächsischer Gefährte (Geneat)
trp_saxon_level0_companion_pl|Sächsische Gefährten (Geneat)
trp_saxon_level1_companion|Sächsischer Veteran (Gesith)
trp_saxon_level1_companion_pl|Sächsische Veteranen (Gesithas)
trp_saxon_level2_companion|Sächsische Leibwache (Gedriht)
trp_saxon_level2_companion_pl|Sächsische Leibwächter (Gedrihtes)
trp_saxon_horseman|Sächsischer Reiter (Ridda)
trp_saxon_horseman_pl|Sächsische Reiter (Riddan)
trp_saxon_standard_bearer|Standartenträger (Tacnberend)
trp_saxon_standard_bearer_pl|Standartenträger (Tacnberends)
trp_saxon_priest|Sächsischer Priester
trp_saxon_priest_pl|Sächsische Priester
trp_scotch_peasant|Piktischer Bauer (Bachlach)
trp_scotch_peasant_pl|Bauern (Bachlach)
trp_scotch_bowman|Piktischer Scharmützel (Fuidir)
trp_scotch_bowman_pl|Scharmützler (Fuidirs)
trp_scotch_level0_skirmisher|Piktischer Veteran Scharmützel (Saigteoir)
trp_scotch_level0_skirmisher_pl|Veteran Scharmützler (Saigteoir)
trp_scotch_level1_skirmisher|Piktischer Elite Scharmützel (Cruithnen)
trp_scotch_level1_skirmisher_pl|Elite-Scharmützler (Cruithnen)
trp_scotch_horseman|Piktischer Reiter (Marcach)
trp_scotch_horseman_pl|Leichte Reiter (Marcach)
trp_scotch_level0_landed|Piktischer Landbesitzer (Bothach)
trp_scotch_level0_landed_pl|Piktische Landbesitzer (Bothach)
trp_scotch_level1_landed|Piktischer Speerkämpfer (Octhigern)
trp_scotch_level1_landed_pl|Piktische Speerkämpfer (Octhigern)
trp_scotch_level2_landed|Piktischer Krieger (Gaithlennach)
trp_scotch_level2_landed_pl|Piktische Krieger (Gaithlennach)
trp_scotch_level0_companion|Piktischer Axtkämpfer(Crechaire)
trp_scotch_level0_companion_pl|Piktische Axtkämpfer (Crechaire)
trp_scotch_level1_companion|Piktischer Veteran (Arsaid)
trp_scotch_level1_companion_pl|Piktische Veteranen (Arsaid)
trp_scotch_level2_companion|Piktischer Meister (Gaiscedach)
trp_scotch_level2_companion_pl|Piktische Meister (Gaisgidh)
trp_scotch_knight|Piktischer Adeliger (Toisech)
trp_scotch_knight_pl|Piktische Adlige (Toisechs)
trp_scotch_standard_bearer|Standartenträger (Samhladh)
trp_scotch_standard_bearer_pl|Standartenträger (Samhladh)
trp_scotch_musician|Piktischer Hornmann
trp_scotch_musician_pl|Piktische Hornmänner
trp_scotch_priest|Priester
trp_scotch_priest_pl|Priester
trp_angle_slave|Anglischer Bauer (Gebur)
trp_angle_slave_pl|Bauern (Geburas)
trp_angle_bowman|Anglischer Bogenschütze (Scytta)
trp_angle_bowman_pl|Anglische Bogenschützen (Scyttena)
trp_angle_level0_landed|Anglischer Landsasse (Kotsetla)
trp_angle_level0_landed_pl|Anglische Landsassen (Kotsetlas)
trp_angle_level1_landed|Anglischer Speerkämpfer (Cniht)
trp_angle_level1_landed_pl|Speerkämpfer (Cnihtes)
trp_angle_level2_landed|Anglischer Krieger (Cempa)
trp_angle_level2_landed_pl|Anglische Krieger (Cempan)
trp_angle_level3_landed|Anglischer Adliger (Thane)
trp_angle_level3_landed_pl|Anglische Adlige (Thanes)
trp_angle_level0_companion|Anglischer Gefährte (Geneat)
trp_angle_level0_companion_pl|Anglische Gefährten (Geneata)
trp_angle_level1_companion|Anglischer Veteran (Gesith)
trp_angle_level1_companion_pl|Anglische Veteranen (Gesithas)
trp_angle_level2_companion|Anglische Leibwache (Gedriht)
trp_angle_level2_companion_pl|Anglische Leibwächter (Gedrihtes)
trp_angle_horseman|Anglischer Reiter (Ridda)
trp_angle_horseman_pl|Anglische Reiter (Riddan)
trp_angle_standard_bearer|Standartenträger (Tacnberend)
trp_angle_standard_bearer_pl|Standartenträger (Tacnberends)
trp_angle_priest|Anglischer Priester
trp_angle_priest_pl|Anglische Priester
trp_irish_slave|Irischer Leibeigener (Senchleithe)
trp_irish_slave_pl|Irische Leibeigene (Senchleithe)
trp_irish_bowman|Irischer Scharmützel (Fer Midboth)
trp_irish_bowman_pl|Irischer Scharmützler (Fer Midboth)
trp_irish_level0_skirmisher|Irischer Veteran Scharmützel (Ceithernach)
trp_irish_level0_skirmisher_pl|Irischer Veteranen Scharmützler (Ceithern)
trp_irish_level1_skirmisher|Irischer Elite Scharmützel (Fianaige)
trp_irish_level1_skirmisher_pl|Irische Elite Scharmützler (Fian)
trp_irish_horseman|Irischer Reiter (Marcach)
trp_irish_horseman_pl|Irische Reiter (Marcach)
trp_irish_level0_landed|Irischer Arbeiter (Bothach)
trp_irish_level0_landed_pl|Irische Miliz (Bothach)
trp_irish_level1_landed|Irischer Freier (Ocaire)
trp_irish_level1_landed_pl|Irische Freie (Ocaires)
trp_irish_level2_landed|Irischer Veteran (Boaire)
trp_irish_level2_landed_pl|Irische Veteranen (Boaires)
trp_irish_level3_landed|Irischer Adliger (Aire)
trp_irish_level3_landed_pl|Irische Adlige (Airig)
trp_irish_level0_companion|Irischer Krieger (Cliarnach)
trp_irish_level0_companion_pl|Irische Krieger (Cliathaire)
trp_irish_level1_companion|Irischer Meister (Caur)
trp_irish_level1_companion_pl|Irische Meister (Curadmir)
trp_irish_knight|Irische Leibwache (Riglach)
trp_irish_knight_pl|Irische Leibwächter (Riglach)
trp_irish_standard_bearer|Standartenträger (Meirgeach)
trp_irish_standard_bearer_pl|Standartenträger (Meirgeach)
trp_irish_priest|Goidelischer Priester
trp_irish_priest_pl|Goidelische Priester
trp_todos_cuerno|Hornmann
trp_todos_cuerno_pl|Hornmänner
trp_norse_messenger|Kurier (Bodi)
trp_norse_messenger_pl|Boten (Bodar)
trp_norse_deserter|Nordischer Deserteur
trp_norse_deserter_pl|Nordische Deserteure
trp_norse_prison_guard|Gefängniswache
trp_norse_prison_guard_pl|Gefängniswachen
trp_norse_castle_guard|Wache
trp_norse_castle_guard_pl|Wachen
trp_frisian_basic|Friesisch (Husmo)
trp_frisian_basic_pl|Friesen (Fresen)
trp_frisian_mid|Friesischer Krieger (Wigand)
trp_frisian_mid_pl|Friesische Krieger (Wiganda)
trp_frisian_heavy|Friesischer Veteran (Werand)
trp_frisian_heavy_pl|Friesische Veteranen (Weranda)
trp_frisian_cav|Friesischer Reiter (Riddere)
trp_frisian_cav_pl|Friesische Reiter (Riddere)
trp_briton_messenger|Bote
trp_briton_messenger_pl|Kuriere
trp_briton_deserter|Britannischer Deserteur
trp_briton_deserter_pl|Britannische Deserteure
trp_briton_prison_guard|Gefängniswache
trp_briton_prison_guard_pl|Gefängniswachen
trp_briton_castle_guard|Wache
trp_briton_castle_guard_pl|Wachen
trp_saxon_messenger|Kurier (Horsweala)
trp_saxon_messenger_pl|Kuriere (Horswealas)
trp_saxon_deserter|Sächsischer Deserteur
trp_saxon_deserter_pl|Sächsische Deserteure
trp_saxon_prison_guard|Gefängniswache
trp_saxon_prison_guard_pl|Gefängniswachen
trp_saxon_castle_guard|Wache
trp_saxon_castle_guard_pl|Wachen
trp_scotch_messenger|Bote
trp_scotch_messenger_pl|Kuriere
trp_scotch_deserter|Picten Deserteur
trp_scotch_deserter_pl|Picten Deserteure
trp_scotch_prison_guard|Gefängniswache
trp_scotch_prison_guard_pl|Gefängniswachen
trp_scotch_castle_guard|Wache
trp_scotch_castle_guard_pl|Wachen
trp_angle_messenger|Kurier (Horsweala)
trp_angle_messenger_pl|Boten (Horswealas)
trp_angle_deserter|Anglischer Deserteur
trp_angle_deserter_pl|Anglische Deserteure
trp_angle_prison_guard|Gefängniswache
trp_angle_prison_guard_pl|Gefängniswachen
trp_angle_castle_guard|Wache
trp_angle_castle_guard_pl|Wachen
trp_irish_messenger|Bote
trp_irish_messenger_pl|Kuriere
trp_irish_deserter|Goidelischer Deserteur
trp_irish_deserter_pl|Goidelische Deserteure
trp_irish_prison_guard|Gefängniswache
trp_irish_prison_guard_pl|Gefängniswachen
trp_irish_castle_guard|Burgwache
trp_irish_castle_guard_pl|Burgwachen
trp_looter|Raufbold
trp_looter_pl|Raufbolde
trp_bandit|Wegelagerer
trp_bandit_pl|Wegelagerer
trp_brigand|Brigant
trp_brigand_pl|Briganten
trp_mountain_bandit|Räuber
trp_mountain_bandit_pl|Räuber
trp_forest_bandit|Bandit
trp_forest_bandit_pl|Banditen
trp_sea_raider|Plünderer
trp_sea_raider_pl|Plünderer
trp_desert_bandit|Straßenräuber
trp_desert_bandit_pl|Straßenräuber
trp_steppe_bandit|Nordischer Wikinger
trp_steppe_bandit_pl|Nordische Wikinger
trp_taiga_bandit|Wikinger
trp_taiga_bandit_pl|Wikinger
trp_elite_viking|Dänischer Elite Wikinger
trp_elite_viking_pl|Dänische Elite Wikinger
trp_elite_viking_2|Svear Elite Wikinger
trp_elite_viking_2_pl|Sviare Elite Wikinger
trp_sea_raider_leader2|Schiffskapitän
trp_sea_raider_leader2_pl|Kapitäne
trp_looter_leader2|Banditenführer
trp_looter_leader2_pl|Banditenanführer
trp_manhunter|Junger Krieger
trp_manhunter_pl|Junge Krieger
trp_slave_driver|Sklaventreiber
trp_slave_driver_pl|Sklaventreiber
trp_slave_hunter|Sklavenjäger
trp_slave_hunter_pl|Sklavenjäger
trp_slave_crusher|Veteran Sklaven Jäger
trp_slave_crusher_pl|Veteranen Sklaven Jäger
trp_slaver_chief|Sklavenaufseher
trp_slaver_chief_pl|Sklavenaufseher
trp_follower_woman|Lagerfrau
trp_follower_woman_pl|Lagerfrauen
trp_hunter_woman|Lagerbegleitung
trp_hunter_woman_pl|Anhängerlager
trp_fighter_woman|Soldatenfrau
trp_fighter_woman_pl|Soldatenfrauen
trp_sword_sister|Lagerverteidiger
trp_sword_sister_pl|Lagerverteidiger
trp_refugee|Flüchtling
trp_refugee_pl|Flüchtlinge
trp_peasant_woman|Bauersfrau
trp_peasant_woman_pl|Bauersfrauen
trp_refugeeromanruins|Flüchtling
trp_refugeeromanruins_pl|Flüchtlinge
trp_peasant_womanromanruins|Bauersfrau
trp_peasant_womanromanruins_pl|Bauersfrauen
trp_refugeedruid|Flüchtling
trp_refugeedruid_pl|Flüchtlinge
trp_peasant_womandruid|Bauersfrau
trp_peasant_womandruid_pl|Bauersfrauen
trp_farmerdruid|Bauer
trp_farmerdruid_pl|Bauern
trp_manhunterdruid|Junger Krieger
trp_manhunterdruid_pl|Junge Bande
trp_prisionerdruid|Gefangener
trp_prisionerdruid_pl|Gefangene
trp_quarry_trabajador|Arbeiter
trp_quarry_trabajador_pl|Arbeiter
trp_quarry_capataz|Vorarbeiter
trp_quarry_capataz_pl|Vorarbeiter
trp_saltmine_capataz|Vorarbeiter
trp_saltmine_capataz_pl|Vorarbeiter
trp_lumbercamp_capataz|Vorarbeiter des Holzfällerlagers
trp_lumbercamp_capataz_pl|Vorarbeiter der Holzfällerlager
trp_farmstead_boss|Vogt des Bauernhofs
trp_farmstead_boss_pl|Vögte der Bauernhöfe
trp_bandit_lairmerchant|Banditenführer
trp_bandit_lairmerchant_pl|Banditenanführer
trp_abad|Abt
trp_abad_pl|Abt
trp_monjes|Mönch
trp_monjes_pl|Mönche
trp_caravan_master|Karawanenmeister
trp_caravan_master_pl|Karawanenmeister
trp_kidnapped_girl|Entführtes Mädchen
trp_kidnapped_girl_pl|Entführte Mädchen
trp_town_walker_1|Dorfbewohner
trp_town_walker_1_pl|Dorfbewohner
trp_town_walker_2|Städterin
trp_town_walker_2_pl|Städterinnen
trp_town_walker_3|Dorfbewohner
trp_town_walker_3_pl|Dorfbewohner
trp_town_walker_4|Städterin
trp_town_walker_4_pl|Städterinnen
trp_town_walker_5|Dorfbewohner
trp_town_walker_5_pl|Dorfbewohner
trp_town_walker_6|Städterin
trp_town_walker_6_pl|Städterinnen
trp_town_walker_7|Dorfbewohner
trp_town_walker_7_pl|Dorfbewohner
trp_town_walker_8|Städterin
trp_town_walker_8_pl|Städterinnen
trp_nino_varon|Kind
trp_nino_varon_pl|Kinder
trp_nina_chica|Kind
trp_nina_chica_pl|Kinder
trp_monk_walker|Mönch
trp_monk_walker_pl|Mönche
trp_village_walker_1|Dorfbewohner
trp_village_walker_1_pl|Dörfler
trp_village_walker_2|Dorfbewohner
trp_village_walker_2_pl|Dörfler
trp_village_walker_3|Dorfbewohner
trp_village_walker_3_pl|Dorfbewohner
trp_village_walker_4|Dorfbewohner
trp_village_walker_4_pl|Dorfbewohner
trp_village_walker_5|Dorfbewohner
trp_village_walker_5_pl|Dorfbewohner
trp_village_walker_6|Dorfbewohner
trp_village_walker_6_pl|Dorfbewohner
trp_village_walker_7|Dorfbewohner
trp_village_walker_7_pl|Dörfler
trp_village_walker_8|Dorfbewohner
trp_village_walker_8_pl|Dorfbewohner
trp_village_walker_1a|Dorfbewohner
trp_village_walker_1a_pl|Dörfler
trp_village_walker_3a|Dorfbewohner
trp_village_walker_3a_pl|Dorfbewohner
trp_village_walker_5a|Dorfbewohner
trp_village_walker_5a_pl|Dorfbewohner
trp_spy_walker_1|Städter
trp_spy_walker_1_pl|Städter
trp_spy_walker_2|Städterin
trp_spy_walker_2_pl|Städterinnen
trp_tournament_master|Turniermeister
trp_tournament_master_pl|Turniermeister
trp_trainer|Ausbilder
trp_trainer_pl|Ausbilder
trp_constable_hareck|Wachtmeister Hareck
trp_constable_hareck_pl|Wachtmeister Hareck
trp_ramun_the_slave_trader|Aethelmaer, der Sklavenhändler
trp_ramun_the_slave_trader_pl|Aethelmaer, die Sklavenhändler
trp_guide|Ulric
trp_guide_pl|Ulric
trp_xerina|Einsiedler der Pict
trp_xerina_pl|Einsiedler
trp_dranton|Niall der Britannier
trp_dranton_pl|Niall
trp_kradus|Uthred der Sachse
trp_kradus_pl|Kradus
trp_tutorial_trainer|Übungsplatzmeister
trp_tutorial_trainer_pl|Übungsplatzmeister
trp_galeas|Balin
trp_galeas_pl|Balin
trp_farmer_from_bandit_village|Bauer
trp_farmer_from_bandit_village_pl|Bauern
trp_trainer_2|Harald
trp_trainer_2_pl|Ausbilder
trp_trainer_1|Landsknecht-Schwertkämpfer
trp_trainer_1_pl|Landsknecht-Schwertkämpfer
trp_trainer_3|Ausbilder
trp_trainer_3_pl|Ausbilder
trp_trainer_4|Ausbilder
trp_trainer_4_pl|Ausbilder
trp_trainer_5|Ausbilder
trp_trainer_5_pl|Ausbilder
trp_ransom_broker_1|Lösegeldvermittler
trp_ransom_broker_1_pl|Sklavenhändler
trp_ransom_broker_2|Lösegeldvermittler
trp_ransom_broker_2_pl|Sklavenhändler
trp_ransom_broker_3|Lösegeldvermittler
trp_ransom_broker_3_pl|Sklavenhändler
trp_ransom_broker_4|Lösegeldvermittler
trp_ransom_broker_4_pl|Sklavenhändler
trp_ransom_broker_5|Lösegeldvermittler
trp_ransom_broker_5_pl|Sklavenhändler
trp_ransom_broker_6|Lösegeldvermittler
trp_ransom_broker_6_pl|Sklavenhändler
trp_ransom_broker_7|Lösegeldvermittler
trp_ransom_broker_7_pl|Sklavenhändler
trp_ransom_broker_8|Lösegeldvermittler
trp_ransom_broker_8_pl|Sklavenhändler
trp_ransom_broker_9|Lösegeldvermittler
trp_ransom_broker_9_pl|Sklavenhändler
trp_ransom_broker_10|Lösegeldvermittler
trp_ransom_broker_10_pl|Sklavenhändler
trp_ransom_broker_20|Lösegeldvermittler
trp_ransom_broker_20_pl|Sklavenhändler
trp_tavern_traveler_1|Reisender
trp_tavern_traveler_1_pl|Reisender
trp_tavern_traveler_2|Reisender
trp_tavern_traveler_2_pl|Reisender
trp_tavern_traveler_3|Reisender
trp_tavern_traveler_3_pl|Reisender
trp_tavern_traveler_4|Reisender
trp_tavern_traveler_4_pl|Reisender
trp_tavern_traveler_5|Reisender
trp_tavern_traveler_5_pl|Reisender
trp_tavern_traveler_6|Reisender
trp_tavern_traveler_6_pl|Reisender
trp_tavern_traveler_7|Reisender
trp_tavern_traveler_7_pl|Reisender
trp_tavern_traveler_8|Reisender
trp_tavern_traveler_8_pl|Reisender
trp_tavern_traveler_9|Reisender
trp_tavern_traveler_9_pl|Reisender
trp_tavern_traveler_10|Reisender
trp_tavern_traveler_10_pl|Reisender
trp_tavern_bookseller_1|Buch Händler
trp_tavern_bookseller_1_pl|Buch Händler
trp_tavern_bookseller_2|Buch Händler
trp_tavern_bookseller_2_pl|Buch Händler
trp_tavern_minstrel_1|Wandernder Skalde
trp_tavern_minstrel_1_pl|Minnesänger
trp_tavern_minstrel_2|Wandernder Barde
trp_tavern_minstrel_2_pl|Minnesänger
trp_tavern_minstrel_3|Wandernder Barde
trp_tavern_minstrel_3_pl|Minnesänger
trp_tavern_minstrel_4|Wandernder Barde
trp_tavern_minstrel_4_pl|Minnesänger
trp_tavern_minstrel_5|Wandernder Barde
trp_tavern_minstrel_5_pl|Minnesänger
trp_quastuosa_1|Freudenmädchen
trp_quastuosa_1_pl|Bettler
trp_quastuosa_2|Freudenmädchen
trp_quastuosa_2_pl|Bettler
trp_quastuosa_3|Freudenmädchen
trp_quastuosa_3_pl|Bettler
trp_quastuosa_4|Freudenmädchen
trp_quastuosa_4_pl|Bettler
trp_quastuosa_5|Freudenmädchen
trp_quastuosa_5_pl|Bettler
trp_quastuosa_6|Freudenmädchen
trp_quastuosa_6_pl|Bettler
trp_quastuosa_7|Freudenmädchen
trp_quastuosa_7_pl|Bettler
trp_quastuosa_end|Freudenmädchen
trp_quastuosa_end_pl|Bettler
trp_bardo_1|Dichter des Königreichs
trp_bardo_1_pl|Dichter
trp_bardo_2|Dichter des Königreichs
trp_bardo_2_pl|Dichter
trp_bardo_3|Dichter des Königreichs
trp_bardo_3_pl|Dichter
trp_bardo_4|Dichter des Königreichs
trp_bardo_4_pl|Dichter
trp_bardo_5|Sänger des Königreichs
trp_bardo_5_pl|Owain
trp_bardo_6|Sänger des Königreichs
trp_bardo_6_pl|Sänger
trp_bardo_7|Sänger des Königreichs
trp_bardo_7_pl|Sänger
trp_bardo_8|Dichter des Königreichs
trp_bardo_8_pl|Dichter
trp_bardo_9|Sänger des Königreichs
trp_bardo_9_pl|Sänger
trp_bardo_10|Sänger des Königreichs
trp_bardo_10_pl|Sänger
trp_bardo_11|Sänger des Königreichs
trp_bardo_11_pl|Sänger
trp_bardo_12|Sänger des Königreichs
trp_bardo_12_pl|Sänger
trp_bardo_13|Sänger des Königreichs
trp_bardo_13_pl|Sänger
trp_bardo_14|Sänger des Königreichs
trp_bardo_14_pl|Sänger
trp_bardo_15|Sänger des Königreichs
trp_bardo_15_pl|Sänger
trp_bardo_16|Sänger des Königreichs
trp_bardo_16_pl|Sänger
trp_bardo_17|Sänger des Königreichs
trp_bardo_17_pl|Sänger
trp_bardo_18|Sänger des Königreichs
trp_bardo_18_pl|Sänger
trp_bardo_19|Sänger des Königreichs
trp_bardo_19_pl|Sänger
trp_bardo_20|Sänger des Königreichs
trp_bardo_20_pl|Sänger
trp_bardo_21|Sänger des Königreichs
trp_bardo_21_pl|Sänger
trp_sacerdote_1|Christlicher Bischof
trp_sacerdote_1_pl|Christliche Bischöfe
trp_sacerdote_2|Bischof Ealhheard
trp_sacerdote_2_pl|Priester
trp_paganop_1|Gothi
trp_paganop_1_pl|Gothar
trp_priest_end|Priester der beider Religionen Ende
trp_priest_end_pl|Priester
trp_especiales_1|Einsiedler Derfel Gadarn
trp_especiales_1_pl|Priester
trp_kingdom_heroes_including_player_begin|Helden Des Reiches, einschließlich der Spieler beginnen
trp_kingdom_heroes_including_player_begin_pl|Helden Des Reiches, einschließlich der Spieler beginnen
trp_npc1|Caio
trp_npc1_pl|Caio
trp_npc2|Egil
trp_npc2_pl|Egil
trp_npc3|Brunhild
trp_npc3_pl|Brunhild
trp_npc4|Donnchadh
trp_npc4_pl|Donnchadh
trp_npc5|Morgant
trp_npc5_pl|Morgant
trp_npc6|Bodo
trp_npc6_pl|Bodo
trp_npc7|Dwywei
trp_npc7_pl|Dwywei
trp_npc8|Reginhard
trp_npc8_pl|Reginhard
trp_npc9|Clovis
trp_npc9_pl|Clovis
trp_npc10|Ceawlin
trp_npc10_pl|Ceawlin
trp_npc11|Solveig
trp_npc11_pl|Solveig
trp_npc12|Asbjorn
trp_npc12_pl|Asbjorn
trp_npc13|Helgi
trp_npc13_pl|Helgi
trp_npc14|Ailchu
trp_npc14_pl|Ailchu
trp_npc15|Agathinos
trp_npc15_pl|Agathinos
trp_npc16|Beda
trp_npc16_pl|Beda
trp_kingdom_1_lord|König Horik Gottfredsson
trp_kingdom_1_lord_pl|Horik Gottfredsson
trp_kingdom_2_lord|König Harald Halfdanarson
trp_kingdom_2_lord_pl|Harald Halfdanarson
trp_kingdom_3_lord|König Gudrod Ragnarson
trp_kingdom_3_lord_pl|Gudrod Ragnarson
trp_kingdom_4_lord|König Hrorek Hemmindsson
trp_kingdom_4_lord_pl|Hrorek Hemmindsson
trp_kingdom_5_lord|Brytenwalda Aethelred Aethelwulfing
trp_kingdom_5_lord_pl|Aethelred Aethelwulfing
trp_kingdom_6_lord|Cyning Alexander Aethelberhting
trp_kingdom_6_lord_pl|Eadmund Aethelberhting
trp_kingdom_7_lord|Cyning Brugred Beorhtwulfing
trp_kingdom_7_lord_pl|Brugred Beorhtwulfing
trp_kingdom_8_lord|Jarl Halfdan Ragnarsson
trp_kingdom_8_lord_pl|Halfdan Ragnarsson
trp_kingdom_9_lord|RI Rhodri Karte Merfyn
trp_kingdom_9_lord_pl|Rhodri Karte Merfyn
trp_kingdom_10_lord|RI Elisedd Karte Tewdr
trp_kingdom_10_lord_pl|Elisedd Karte Tewdr
trp_kingdom_11_lord|RI Arthgal-Karte Dumnuagal
trp_kingdom_11_lord_pl|Arthgal Karte Dumnuagal
trp_kingdom_12_lord|RI Dunyart Karte Eferferdyn
trp_kingdom_12_lord_pl|Dunyart Karte Eferferdyn
trp_kingdom_13_lord|RI Hywel Karte Rhys
trp_kingdom_13_lord_pl|Hywel Karte Rhys
trp_kingdom_14_lord|Ruire Lethlobar Mac Loingsig
trp_kingdom_14_lord_pl|Lethlobar Mac Loingsig
trp_kingdom_15_lord|Ruire Dunlaing Mac Muiredaig
trp_kingdom_15_lord_pl|Dunlaing Mac Muiredaig
trp_kingdom_16_lord|Ruire Schulze Faelad Hua Mugthigirn
trp_kingdom_16_lord_pl|Cenn Faelad Hua Mugthigirn
trp_kingdom_17_lord|Ruire Mugron Mac Cothaid
trp_kingdom_17_lord_pl|Mugron Mac Cothaid
trp_kingdom_18_lord|Ard Ruire Aed Mac Niall
trp_kingdom_18_lord_pl|Aed Mac Niall
trp_kingdom_19_lord|Ruire Donnchad Mac Eochocai
trp_kingdom_19_lord_pl|Donnchad Mac Eochocai
trp_kingdom_20_lord|Ruire Causantin Mac Cinaeda
trp_kingdom_20_lord_pl|Causantin Mac Cinaeda
trp_kingdom_21_lord|Ruire Cerball Mac Dunlainge
trp_kingdom_21_lord_pl|Cerball Mac Dunlainge
trp_knight_1_1|Jarl Sigifrid Angantyrsson
trp_knight_1_1_pl|Sigifrid Angantyrsson
trp_knight_1_2|Jarl Bagsecg
trp_knight_1_2_pl|Bagsecg
trp_knight_1_3|Jarl Halfdan Angantyrsson
trp_knight_1_3_pl|Halfdan Angantyrsson
trp_knight_1_4|Hersir Guthrum
trp_knight_1_4_pl|Guthrum
trp_knight_1_5|Jarl Sigurd Ragnarsson
trp_knight_1_5_pl|Sigurd Ragnarsson
trp_knight_1_6|Hersir Helgi Hvassi
trp_knight_1_6_pl|Helgi Hvassi
trp_knight_2_1|Jarl Guthorm Haraldrsson
trp_knight_2_1_pl|Guthorm Haraldrsson
trp_knight_2_2|König Eirik
trp_knight_2_2_pl|Eirik
trp_knight_2_3|Jarl Kjotvi Hinn Audgi
trp_knight_2_3_pl|Kjotvi Hinn Audgi
trp_knight_2_4|Hersir Ketill Bjornsson
trp_knight_2_4_pl|Ketill Bjornsson
trp_knight_2_5|Hersir Bjorn Ketilsson
trp_knight_2_5_pl|Bjorn Ketilsson
trp_knight_3_1|Jarl Olaf Gudrodrsson
trp_knight_3_1_pl|OLAF Gudrodrsson
trp_knight_3_2|Jarl Ivar Gudrodrsson
trp_knight_3_2_pl|Ivarr Gudrodrsson
trp_knight_3_3|Jarl Asl Gudrodrsson
trp_knight_3_3_pl|ASL-Gudrodrsson
trp_knight_3_4|Jarl-Orkan
trp_knight_3_4_pl|Orkan
trp_knight_3_5|Jarl Helgi Ketilsson
trp_knight_3_5_pl|Helgi Ketilsson
trp_knight_3_6|Hersir Eystein Olafsson
trp_knight_3_6_pl|Eystein Olafsson
trp_knight_3_7|Hersir Sygtrygg Ivarrsson
trp_knight_3_7_pl|Sygtrygg Ivarrsson
trp_knight_3_8|Hersir Thorstein Olafsson
trp_knight_3_8_pl|Thorstein Olafsson
trp_knight_4_1|Jarl Harald Hemmindsson
trp_knight_4_1_pl|Haraldr Hemmindsson
trp_knight_4_2|Jarl Gotrik Haraldsson
trp_knight_4_2_pl|Gotrik Haraldsson
trp_knight_4_3|Jarl Hrodulf Haraldsson
trp_knight_4_3_pl|Hrodulfr Haraldsson
trp_knight_5_1|Aetheling Aelfred Aethelwulfing
trp_knight_5_1_pl|Aelfred Aethelwulfing
trp_knight_5_2|Aldermann Aethelmod
trp_knight_5_2_pl|Aethelmod
trp_knight_5_3|Aldermann Wulfhere
trp_knight_5_3_pl|Wulfhere
trp_knight_5_4|Aldermann Aelfstan
trp_knight_5_4_pl|Aelfstan
trp_knight_5_5|Aldermann Cuthred
trp_knight_5_5_pl|Cuthred
trp_knight_5_6|Aldermann Bucca
trp_knight_5_6_pl|Bucca
trp_knight_5_7|Aldermann Wulfred
trp_knight_5_7_pl|Wulfred
trp_knight_5_8|Aldermann Wigstan
trp_knight_5_8_pl|Wigstan
trp_knight_5_9|Aldermann Sigeberht Sigewulfing
trp_knight_5_9_pl|Sigeberht Sigewulfing
trp_knight_5_10|Aldermann Garulf
trp_knight_5_10_pl|Garulf
trp_knight_5_11|Dryhten Drihtwald
trp_knight_5_11_pl|Drihtwald
trp_knight_6_1|Aldermann Oswald
trp_knight_6_1_pl|Oswald
trp_knight_6_2|Aldermann Æthelreds
trp_knight_6_2_pl|Æthelreds
trp_knight_6_3|Aldermann Ealhhere
trp_knight_6_3_pl|Ealhhere
trp_knight_6_4|Dryhten Eanfrith
trp_knight_6_4_pl|Eanfrith
trp_knight_6_5|Dryhten Ecgwald
trp_knight_6_5_pl|Ecgwald
trp_knight_7_1|Aldermann Ceowulf Ceowulfing
trp_knight_7_1_pl|Ceowulf Ceowulfing
trp_knight_7_2|Aldermann Hereberht
trp_knight_7_2_pl|Hereberht
trp_knight_7_3|Aldermann Æthelreds
trp_knight_7_3_pl|Æthelreds
trp_knight_7_4|Ealdorman Aethelred Mucel
trp_knight_7_4_pl|Aethelred Mucel
trp_knight_7_5|Aldermann Aelfgar
trp_knight_7_5_pl|Aelfgar
trp_knight_7_6|Aldermann Aethulf
trp_knight_7_6_pl|Aethulf
trp_knight_7_7|Aldermann Beornoth
trp_knight_7_7_pl|Beornoth
trp_knight_7_8|Aldermann Sigberth
trp_knight_7_8_pl|Sigberth
trp_knight_7_9|Dryhten Aethelwulf Aethelreding
trp_knight_7_9_pl|Aethelwulf Aethelreding
trp_knight_8_1|Cyning Egbert
trp_knight_8_1_pl|Egbert
trp_knight_8_2|Jarl Rathbarth Ragnarsson
trp_knight_8_2_pl|Rathbarth Ragnarsson
trp_knight_8_3|Aldermann Ealdred
trp_knight_8_3_pl|Ealdred
trp_knight_8_4|Jarl Sidroc der ältere
trp_knight_8_4_pl|Sidroc der ältere
trp_knight_8_5|Aldermann Ricsige
trp_knight_8_5_pl|Ricsige
trp_knight_8_6|Aldermann Egbert die zweite
trp_knight_8_6_pl|Egbert die zweite
trp_knight_8_7|Jarl Bjorn Ragnarsson
trp_knight_8_7_pl|Bjorn Jarnsida
trp_knight_8_8|Hersir Guthred Knutr
trp_knight_8_8_pl|Guthred Knutr
trp_knight_8_9|Hersir Rognvald
trp_knight_8_9_pl|Rognvald
trp_knight_8_10|Hersir Harald
trp_knight_8_10_pl|Harald
trp_knight_8_11|Hersir Sidroc die jungen
trp_knight_8_11_pl|Sidroc jung
trp_knight_8_12|Hersir Fraena
trp_knight_8_12_pl|Fraena
trp_knight_8_13|Jarl Ivarr Inn Beinlaussi
trp_knight_8_13_pl|Ivarr Inn Beinlaussi
trp_knight_8_14|Jarl Hubbi Ragnarsson
trp_knight_8_14_pl|Hubbi Ragnarsson
trp_knight_8_15|Konungr Bagsecg
trp_knight_8_15_pl|Bagsecg
trp_knight_9_1|Mael Anarawd Karte Rhodri
trp_knight_9_1_pl|Anarawd Karte Rhodri
trp_knight_9_2|Mael Cadell Karte Rhodri
trp_knight_9_2_pl|Cadell Karte Rhodri
trp_knight_9_3|Mael Merfyn Karte Rhodri
trp_knight_9_3_pl|Merfyn Karte Rhodri
trp_knight_9_4|RI Gwgon Karte Meurig
trp_knight_9_4_pl|Gwgon Karte Meurig
trp_knight_9_5|Guledic Gwriad Karte Merfyn
trp_knight_9_5_pl|Gwriad Karte Merfyn
trp_knight_9_6|Mael Tudwal Karte Rhodri
trp_knight_9_6_pl|Tudwal Karte Rhodri
trp_knight_9_7|Guledic Hyfaidd Karte Bleddri
trp_knight_9_7_pl|Herrscher-Karte Bleddri
trp_knight_9_8|Tiern Owain Karte Hywel
trp_knight_9_8_pl|Owain Karte Hywel
trp_knight_9_9|Tiern Llofan Karte Cilmin Broetu
trp_knight_9_9_pl|Llofan Karte Cilmin Broetu
trp_knight_10_1|Karl-Ernst Maedel Guledic
trp_knight_10_1_pl|Guledic
trp_knight_11_1|Mael Rhun Karte Arthgal
trp_knight_11_1_pl|Rhun Karte Arthgal
trp_knight_11_2|Mael Echou Karte Rhun
trp_knight_11_2_pl|Echou Karte Rhun
trp_knight_11_3|Guledic Dyfnwal Karte Rhun
trp_knight_11_3_pl|Dyfnwal Karte Rhun
trp_knight_11_4|Guledic Giric Karte Rath
trp_knight_11_4_pl|Giric Karte Rath
trp_knight_11_5|Mael Cynon map Cyndrwyn
trp_knight_11_5_pl|Cynon Karte Cyndrwyn
trp_knight_11_6|Mael Gwion map Cyndrwyn
trp_knight_11_6_pl|Gwion Karte Cyndrwyn
trp_knight_11_7|Mael Madoc map Cadell
trp_knight_11_7_pl|Madoc-Karte Cadell
trp_knight_11_8|Mael Caradoc map Riwall
trp_knight_11_8_pl|Caradoc Karte Riwall
trp_knight_12_1|Guledic Eliud Karte Eferferdyn
trp_knight_12_1_pl|Eliud Karte Eferferdyn
trp_knight_12_2|Guledic Alanorus Karte Eliud
trp_knight_12_2_pl|Alanorus Karte Eliud
trp_knight_12_3|Mael Ricatus Karte Dunyart
trp_knight_12_3_pl|Ricatus Karte Dunyart
trp_knight_13_1|Guledic Meurig Karte Arthfael
trp_knight_13_1_pl|Meurig Karte Arthfael
trp_knight_13_2|Mael Owain Karte Hywel
trp_knight_13_2_pl|Owain Karte Hywel
trp_knight_13_3|Tiern Brochwael Karte Meurig
trp_knight_13_3_pl|Brochwael Karte Meurig
trp_knight_14_1|Mael Cathalan Mac Indrechtaig
trp_knight_14_1_pl|Cathalan Mac Indrechtaig
trp_knight_14_2|Mael Conallan Mac Duin
trp_knight_14_2_pl|Conallan Mac Duin
trp_knight_14_3|Ard Tiarna Mocheirge Mac Indrechtaig
trp_knight_14_3_pl|Mocheirge Mac Indrechtaig
trp_knight_14_4|Tiarna Ainbith Mac Aedo
trp_knight_14_4_pl|Ainbith Mac Aedo
trp_knight_14_5|Tiarna Cummascach Mac Cathalan
trp_knight_14_5_pl|Cummascach Mac Cathalan
trp_knight_15_1|ARD Tiarna Ailill Mac Dunlainge
trp_knight_15_1_pl|Ailill Mac Dunlainge
trp_knight_15_2|ARD Tiarna Cairpre Mac Dunlainge
trp_knight_15_2_pl|Cairpre Mac Dunlainge
trp_knight_15_3|Tiarna Muiredach Mac Brain
trp_knight_15_3_pl|Muiredach Mac Brain
trp_knight_15_4|Tiarna Domnall Mac Muirecain
trp_knight_15_4_pl|Domnall Mac Muirecain
trp_knight_15_5|Tiarna Cerball Mac Muirecain
trp_knight_15_5_pl|Cerball Mac Muirecain
trp_knight_15_6|Tiarna Augaire Mac Ailella
trp_knight_15_6_pl|Augaire Mac Ailella
trp_knight_16_1|ARD Tiarna Dunchad Mac Dub da Bairenn
trp_knight_16_1_pl|Dunchad Mac Dub da Bairenn
trp_knight_16_2|ARD Tiarna Dub Lachtnai Mac Gualu
trp_knight_16_2_pl|Dub Lachtnai Mac Gualu
trp_knight_16_3|Tiarna Foghartach Mac Suibhne
trp_knight_16_3_pl|Foghartach Mac Suibhne
trp_knight_16_4|Tiarna Longbortan Mac Finnachta
trp_knight_16_4_pl|Longbortan Mac Finnachta
trp_knight_16_5|Tiarna Reachtabhra MacBran Finn
trp_knight_16_5_pl|Reachtabhra MacBran Finn
trp_knight_16_6|Tiarna Colman Mac Cionaith
trp_knight_16_6_pl|Colman Mac Cionaith
trp_knight_17_1|Karl-Ernst Maedel Conchobar Mac Taidg Mor
trp_knight_17_1_pl|Conchobar Mac Taidg Mor
trp_knight_17_2|Tiarna Aedh Mac Conchobar
trp_knight_17_2_pl|Aedh Mac Conchobar
trp_knight_17_3|Tiarna Tadg Mac Conchobar
trp_knight_17_3_pl|Tadg Mac Conchobar
trp_knight_17_4|Tiarna Finshnechta Mac Corcrai
trp_knight_17_4_pl|Finshnechta Mac Corcrai
trp_knight_17_5|Tiarna Dobhailen Mac Gormghus
trp_knight_17_5_pl|Dobhailen Mac Gormghus
trp_knight_17_6|Tiarna Cathal Mac Conchobar
trp_knight_17_6_pl|Cathal Mac Conchobar
trp_knight_18_1|Mael Domnall Mac Aeda
trp_knight_18_1_pl|Domnall Mac Aeda
trp_knight_18_2|Maedel Dabaill
trp_knight_18_2_pl|Dabaill
trp_knight_18_3| Mael Dub Mac Aeda
trp_knight_18_3_pl|Dub Mac Aeda
trp_knight_18_4|Ruire Congalach Mac Finnachta
trp_knight_18_4_pl|Congalach Mac Finnachta
trp_knight_18_5|Tiarna Cummascach Mac Muiredaig
trp_knight_18_5_pl|Cummascach Mac Muiredaig
trp_knight_18_6|Mael Padraig Mac Curarada
trp_knight_18_6_pl|Padraig Mac Curarada
trp_knight_18_7|Tiarna Laidhgnen Mac Donnagain
trp_knight_18_7_pl|Laidhgnen Mac Donnagain
trp_knight_19_1|Mael Sechnaill Mac Niall
trp_knight_19_1_pl|Sechnaill Mac Niall
trp_knight_19_2|Mael Diarmait Mac Etersceili
trp_knight_19_2_pl|Diarmait Mac Etersceili
trp_knight_19_3|Mac Flann Sinna Mael Sechnaill
trp_knight_19_3_pl|Flann Sinna Mac Sechnaill
trp_knight_19_4|Tiarna Flann Mac Conaing
trp_knight_19_4_pl|Flann Mac Conaing
trp_knight_19_5|Mael Conall mac Echach
trp_knight_19_5_pl|Conall Mac Echach
trp_knight_20_1|Mael Domnall Dasachtach Mac Causantin
trp_knight_20_1_pl|Domnall Dasachtach Mac Causantin
trp_knight_20_2|Ard Tiarna Aed Mac Cinaeda
trp_knight_20_2_pl|Aed Mac Cinaeda
trp_knight_20_3|Tiarna Causantin Mac Aeda
trp_knight_20_3_pl|Causantin Mac Aeda
trp_knight_20_4|Tiarna Domhall Mac Aeda
trp_knight_20_4_pl|Domhall Mac Aeda
trp_knight_20_5|Mael Coluim Mac Domnall
trp_knight_20_5_pl|Malcolm Mac Domnall
trp_knight_20_6|Domlech
trp_knight_20_6_pl|Domlech
trp_knight_20_7|Entifidach
trp_knight_20_7_pl|Entifidach
trp_knight_20_8|Lugthreni
trp_knight_20_8_pl|Lugthreni
trp_knight_21_1|Mael Diarmait Mac Cerbaill
trp_knight_21_1_pl|Diarmait Mac Cerbaill
trp_knight_21_2|Mael Cellach Mac Cerbaill
trp_knight_21_2_pl|Cellach Mac Cerbaill
trp_knight_21_3|ARD Tiarna Riacan Mac Dunlainge
trp_knight_21_3_pl|Riacan Mac Dunlainge
trp_kingdom_1_pretender|Jarl Thorgil
trp_kingdom_1_pretender_pl|Thorgil
trp_kingdom_2_pretender|Ard Tiarna Dungal
trp_kingdom_2_pretender_pl|Dungal
trp_kingdom_3_pretender|Aetheling Oswine
trp_kingdom_3_pretender_pl|Oswine
trp_kingdom_4_pretender|Aetheling Ceorl
trp_kingdom_4_pretender_pl|Ceorl
trp_kingdom_5_pretender|Tanist Bili
trp_kingdom_5_pretender_pl|Bili
trp_kingdom_6_pretender|Mael Elisedd ap Cyngen
trp_kingdom_6_pretender_pl|Elisedd ap Cyngen
trp_knight_1_1_wife|Error - knight 1 1 wife should not appear in game
trp_knight_1_1_wife_pl|Ritter 1 1 Gemahlin
trp_kingdom_1_lady_1|Aslaug
trp_kingdom_1_lady_1_pl|Oslafa
trp_kingdom_1_lady_2|Blaeja
trp_kingdom_1_lady_2_pl|Blaeja
trp_kingdom_1_lady_3|Ragnhild Ragnarsdottir
trp_kingdom_1_lady_3_pl|Ragnhild Ragnarsdottir
trp_kingdom_1_lady_4|INGUN
trp_kingdom_1_lady_4_pl|INGUN
trp_kingdom_2_lady_1|Gyda Eirikdottir
trp_kingdom_2_lady_1_pl|Gyda
trp_kingdom_2_lady_2|Yngvild
trp_kingdom_2_lady_2_pl|Yngvild
trp_kingdom_2_lady_3|Thorunn Ketilsdottir
trp_kingdom_2_lady_3_pl|Thorunn
trp_kingdom_2_lady_4|Hallbera
trp_kingdom_2_lady_4_pl|Hallbera
trp_kingdom_3_lady_1|Salbjorg
trp_kingdom_3_lady_1_pl|Salbjorg
trp_kingdom_3_lady_2|Bera
trp_kingdom_3_lady_2_pl|Bera
trp_kingdom_3_lady_3|Grunnhild
trp_kingdom_3_lady_3_pl|Grunnhild
trp_kingdom_3_lady_4|Asgerd
trp_kingdom_3_lady_4_pl|Asgerd
trp_kingdom_4_lady_1|Helga
trp_kingdom_4_lady_1_pl|Helga
trp_kingdom_4_lady_2|Asfrid
trp_kingdom_4_lady_2_pl|Asfrid
trp_kingdom_4_lady_3|Ingibjorg
trp_kingdom_4_lady_3_pl|Ingibjorg
trp_kingdom_4_lady_4|Sacun
trp_kingdom_4_lady_4_pl|Sacun
trp_kingdom_5_lady_1|Osburh
trp_kingdom_5_lady_1_pl|Osburh
trp_kingdom_5_lady_2|Wulfthryth
trp_kingdom_5_lady_2_pl|Wulfthryth
trp_kingdom_5_lady_3|Ealswith
trp_kingdom_5_lady_3_pl|Ealswith
trp_kingdom_5_lady_4|Aelswith
trp_kingdom_5_lady_4_pl|Aelswith
trp_kingdom_5_lady_5|Aelflaed
trp_kingdom_5_lady_5_pl|Aelflaed
trp_kingdom_5_lady_6|Eormengyth
trp_kingdom_5_lady_6_pl|Eormengyth
trp_kingdom_5_lady_7|Aelfwynne
trp_kingdom_5_lady_7_pl|Aelfwynne
trp_kingdom_6_lady_1|Edith
trp_kingdom_6_lady_1_pl|Edith
trp_kingdom_6_lady_2|Edburge
trp_kingdom_6_lady_2_pl|Edburge
trp_kingdom_6_lady_3|Adelburga
trp_kingdom_6_lady_3_pl|Adelburga
trp_kingdom_6_lady_4|Hild
trp_kingdom_6_lady_4_pl|Hild
trp_kingdom_7_lady_1|Aethelswith
trp_kingdom_7_lady_1_pl|Aethelswith
trp_kingdom_7_lady_2|Eadburh
trp_kingdom_7_lady_2_pl|Eadburh
trp_kingdom_7_lady_3|Aedgyth
trp_kingdom_7_lady_3_pl|Aedgyth
trp_kingdom_7_lady_4|Cyneswith
trp_kingdom_7_lady_4_pl|Cyneswith
trp_kingdom_7_lady_5|Alwith
trp_kingdom_7_lady_5_pl|Alwith
trp_kingdom_7_lady_6|Aedelfled
trp_kingdom_7_lady_6_pl|Aedelfled
trp_kingdom_7_lady_7|Aepelhilde
trp_kingdom_7_lady_7_pl|Aepelhilde
trp_kingdom_7_lady_8|Aepelswip
trp_kingdom_7_lady_8_pl|Aepelswip
trp_kingdom_7_lady_9|Aette
trp_kingdom_7_lady_9_pl|Aette
trp_kingdom_8_lady_1|Alof Ragnarsdottir
trp_kingdom_8_lady_1_pl|Alof
trp_kingdom_8_lady_2|Eanflaed
trp_kingdom_8_lady_2_pl|Eanflaed
trp_kingdom_8_lady_3|Freydis
trp_kingdom_8_lady_3_pl|Freydis
trp_kingdom_8_lady_4|Gudrun
trp_kingdom_8_lady_4_pl|Gudrun
trp_kingdom_8_lady_5|Sigrid
trp_kingdom_8_lady_5_pl|Sigrid
trp_kingdom_8_lady_6|Svanhild
trp_kingdom_8_lady_6_pl|Svanhild
trp_kingdom_8_lady_7|Sigrunn
trp_kingdom_8_lady_7_pl|Sigrunn
trp_kingdom_8_lady_8|Turid
trp_kingdom_8_lady_8_pl|Turid
trp_kingdom_8_lady_9|Aebbe
trp_kingdom_8_lady_9_pl|Aebbe
trp_kingdom_9_lady_1|Angharad Verch Meurig
trp_kingdom_9_lady_1_pl|Angharad
trp_kingdom_9_lady_2|Elen Verch Rhodri
trp_kingdom_9_lady_2_pl|Elen
trp_kingdom_9_lady_3|Creirwy
trp_kingdom_9_lady_3_pl|Creirwy
trp_kingdom_9_lady_4|Nest Verch Rhodri
trp_kingdom_9_lady_4_pl|Nest
trp_kingdom_9_lady_5|Lleigy
trp_kingdom_9_lady_5_pl|Lleigy
trp_kingdom_9_lady_6|Anna
trp_kingdom_9_lady_6_pl|Anna
trp_kingdom_10_lady_1|Marwenna
trp_kingdom_10_lady_1_pl|Marwenna
trp_kingdom_10_lady_2|Gwenonwy
trp_kingdom_10_lady_2_pl|Gwenonwy
trp_kingdom_10_lady_3|Gweneddlon
trp_kingdom_10_lady_3_pl|Gweneddlon
trp_kingdom_11_lady_1|Verh Cinaed
trp_kingdom_11_lady_1_pl|Verh Cinaed
trp_kingdom_11_lady_2|Brifael
trp_kingdom_11_lady_2_pl|Brifael
trp_kingdom_11_lady_3|Ceindrych
trp_kingdom_11_lady_3_pl|Ceindrych
trp_kingdom_11_lady_4|Morgawse
trp_kingdom_11_lady_4_pl|Morgawse
trp_kingdom_12_lady_1|Meisyr
trp_kingdom_12_lady_1_pl|Meisyr
trp_kingdom_12_lady_2|Heledd
trp_kingdom_12_lady_2_pl|Heledd
trp_kingdom_12_lady_3|Ffever
trp_kingdom_12_lady_3_pl|Ffever
trp_kingdom_12_lady_4|Medlan
trp_kingdom_12_lady_4_pl|Medlan
trp_kingdom_13_lady_1|Rhiain Ceinfrid
trp_kingdom_13_lady_1_pl|Ceinfrid
trp_kingdom_13_lady_2|Meddwyl
trp_kingdom_13_lady_2_pl|Meddwyl
trp_kingdom_13_lady_3|Gwladus
trp_kingdom_13_lady_3_pl|Gwladus
trp_kingdom_14_lady_1|Muireann
trp_kingdom_14_lady_1_pl|Muireann
trp_kingdom_14_lady_2|Medb
trp_kingdom_14_lady_2_pl|Medb
trp_kingdom_14_lady_3|Creide
trp_kingdom_14_lady_3_pl|Creide
trp_kingdom_14_lady_4|Derbforgaill
trp_kingdom_14_lady_4_pl|Derbforgaill
trp_kingdom_15_lady_1|Mhari
trp_kingdom_15_lady_1_pl|Mhari
trp_kingdom_15_lady_2|Mail
trp_kingdom_15_lady_2_pl|Mail
trp_kingdom_15_lady_3|Teglaig
trp_kingdom_15_lady_3_pl|Teglaig
trp_kingdom_15_lady_4|Lassa
trp_kingdom_15_lady_4_pl|Lassa
trp_kingdom_16_lady_1|Cath
trp_kingdom_16_lady_1_pl|Cath
trp_kingdom_16_lady_2|Lassair
trp_kingdom_16_lady_2_pl|Lassair
trp_kingdom_16_lady_3|Duinseach
trp_kingdom_16_lady_3_pl|Duinseach
trp_kingdom_16_lady_4|Eva
trp_kingdom_16_lady_4_pl|Eva
trp_kingdom_16_lady_5|Doirend
trp_kingdom_16_lady_5_pl|Doirend
trp_kingdom_16_lady_6|Delbchaem
trp_kingdom_16_lady_6_pl|Delbchaem
trp_kingdom_17_lady_1|Caelfind
trp_kingdom_17_lady_1_pl|Caelfind
trp_kingdom_17_lady_2|Briana
trp_kingdom_17_lady_2_pl|Briana
trp_kingdom_17_lady_3|Binne
trp_kingdom_17_lady_3_pl|Binne
trp_kingdom_17_lady_4|Aoibheann
trp_kingdom_17_lady_4_pl|Aoibheann
trp_kingdom_17_lady_5|Aodhnait
trp_kingdom_17_lady_5_pl|Aodhnait
trp_kingdom_17_lady_6|AlMU
trp_kingdom_17_lady_6_pl|AlMU
trp_kingdom_18_lady_1|Fedelm
trp_kingdom_18_lady_1_pl|Fedelm
trp_kingdom_18_lady_2|Uaisle
trp_kingdom_18_lady_2_pl|Uaisle
trp_kingdom_18_lady_3|Condadil
trp_kingdom_18_lady_3_pl|Condadil
trp_kingdom_18_lady_4|Flannesda
trp_kingdom_18_lady_4_pl|Flannesda
trp_kingdom_18_lady_5|Mor
trp_kingdom_18_lady_5_pl|Mor
trp_kingdom_18_lady_6|Aine
trp_kingdom_18_lady_6_pl|Aine
trp_kingdom_19_lady_1|Muire Ingen Cinaeda
trp_kingdom_19_lady_1_pl|Muire
trp_kingdom_19_lady_2|Gormlaith
trp_kingdom_19_lady_2_pl|Gormlaith
trp_kingdom_19_lady_3|Eithne
trp_kingdom_19_lady_3_pl|Eithne
trp_kingdom_19_lady_4|Lann
trp_kingdom_19_lady_4_pl|Lann
trp_kingdom_19_lady_5|Etain
trp_kingdom_19_lady_5_pl|Etain
trp_kingdom_20_lady_1|Coluim
trp_kingdom_20_lady_1_pl|Coluim
trp_kingdom_20_lady_2|Sabhdh Ingen Giric
trp_kingdom_20_lady_2_pl|Sabhdh Ingen Giric
trp_kingdom_20_lady_3|Ingen Brude
trp_kingdom_20_lady_3_pl|Ingen Brude
trp_kingdom_20_lady_4|Ingen Domlech
trp_kingdom_20_lady_4_pl|Ingen Domlech
trp_kingdom_20_lady_5|Ingen Gwydd
trp_kingdom_20_lady_5_pl|Ingen Gwydd
trp_kingdom_20_lady_6|Bridei
trp_kingdom_20_lady_6_pl|Land
trp_kingdom_20_lady_7|Muire
trp_kingdom_20_lady_7_pl|Muire
trp_kingdom_21_lady_1|Aideen
trp_kingdom_21_lady_1_pl|Aideen
trp_kingdom_21_lady_2|Ethna
trp_kingdom_21_lady_2_pl|Ethna
trp_town_1_seneschal|Nordischer Chronist
trp_town_1_seneschal_pl|Chronist
trp_town_2_seneschal|Britannischer Chronist
trp_town_2_seneschal_pl|Chronist
trp_town_3_seneschal|Goidelischer Chronist
trp_town_3_seneschal_pl|Chronist
trp_town_4_seneschal|Anglischer Chronist
trp_town_4_seneschal_pl|Chronist
trp_town_25_seneschal|Mael Bresail
trp_castle_1_seneschal|Vogt der Feste
trp_castle_2_seneschal|Vogt der Feste
trp_castle_3_seneschal|Vogt der Feste
trp_castle_4_seneschal|Vogt der Feste
trp_castle_5_seneschal|Vogt der Feste
trp_castle_6_seneschal|Vogt der Feste
trp_castle_7_seneschal|Vogt der Feste
trp_castle_8_seneschal|Vogt der Feste
trp_castle_9_seneschal|Vogt der Feste
trp_castle_10_seneschal|Vogt der Feste
trp_castle_11_seneschal|Vogt der Feste
trp_castle_12_seneschal|Vogt der Feste
trp_castle_13_seneschal|Vogt der Feste
trp_castle_14_seneschal|Vogt der Feste
trp_castle_15_seneschal|Vogt der Feste
trp_castle_16_seneschal|Vogt der Feste
trp_castle_17_seneschal|Vogt der Feste
trp_castle_18_seneschal|Vogt der Feste
trp_castle_19_seneschal|Vogt der Feste
trp_castle_20_seneschal|Vogt der Feste
trp_castle_21_seneschal|Vogt der Feste
trp_castle_22_seneschal|Vogt der Feste
trp_castle_23_seneschal|Vogt der Feste
trp_castle_24_seneschal|Vogt der Feste
trp_castle_25_seneschal|Vogt der Feste
trp_castle_26_seneschal|Vogt der Feste
trp_castle_27_seneschal|Vogt der Feste
trp_castle_28_seneschal|Vogt der Feste
trp_castle_29_seneschal|Vogt der Feste
trp_castle_30_seneschal|Vogt der Feste
trp_castle_31_seneschal|Vogt der Feste
trp_castle_32_seneschal|Vogt der Feste
trp_castle_33_seneschal|Vogt der Feste
trp_castle_34_seneschal|Vogt der Feste
trp_castle_35_seneschal|Vogt der Feste
trp_castle_36_seneschal|Vogt der Feste
trp_castle_37_seneschal|Vogt der Feste
trp_castle_38_seneschal|Vogt der Feste
trp_castle_39_seneschal|Vogt der Feste
trp_castle_40_seneschal|Vogt der Feste
trp_castle_41_seneschal|Vogt der Feste
trp_castle_42_seneschal|Vogt der Feste
trp_castle_43_seneschal|Vogt der Feste
trp_castle_44_seneschal|Vogt der Feste
trp_castle_45_seneschal|Vogt der Feste
trp_castle_46_seneschal|Vogt der Feste
trp_castle_47_seneschal|Vogt der Feste
trp_castle_48_seneschal|Vogt der Feste
trp_castle_49_seneschal|Vogt der Feste
trp_castle_50_seneschal|Vogt der Feste
trp_castle_51_seneschal|Vogt der Feste
trp_castle_52_seneschal|Vogt der Feste
trp_castle_53_seneschal|Vogt der Feste
trp_castle_54_seneschal|Vogt der Feste
trp_castle_55_seneschal|Vogt der Feste
trp_castle_56_seneschal|Vogt der Feste
trp_castle_57_seneschal|Vogt der Feste
trp_castle_58_seneschal|Vogt der Feste
trp_castle_59_seneschal|Vogt der Feste
trp_castle_60_seneschal|Vogt der Feste
trp_castle_61_seneschal|Vogt der Feste
trp_castle_62_seneschal|Vogt der Feste
trp_castle_63_seneschal|Vogt der Feste
trp_castle_64_seneschal|Vogt der Feste
trp_castle_65_seneschal|Vogt der Feste
trp_castle_66_seneschal|Vogt der Feste
trp_castle_67_seneschal|Vogt der Feste
trp_castle_68_seneschal|Vogt der Feste
trp_castle_69_seneschal|Vogt der Feste
trp_castle_70_seneschal|Vogt der Feste
trp_castle_71_seneschal|Vogt der Feste
trp_castle_72_seneschal|Vogt der Feste
trp_castle_73_seneschal|Vogt der Feste
trp_castle_74_seneschal|Vogt der Feste
trp_castle_75_seneschal|Vogt der Feste
trp_castle_76_seneschal|Vogt der Feste
trp_castle_77_seneschal|Vogt der Feste
trp_castle_78_seneschal|Vogt der Feste
trp_castle_79_seneschal|Vogt der Feste
trp_castle_80_seneschal|Vogt der Feste
trp_castle_81_seneschal|Vogt der Feste
trp_castle_82_seneschal|Vogt der Feste
trp_castle_83_seneschal|Vogt der Feste
trp_castle_84_seneschal|Vogt der Feste
trp_castle_85_seneschal|Vogt der Feste
trp_castle_86_seneschal|Vogt der Feste
trp_castle_87_seneschal|Vogt der Feste
trp_castle_88_seneschal|Vogt der Feste
trp_castle_89_seneschal|Vogt der Feste
trp_castle_90_seneschal|Vogt der Feste
trp_castle_91_seneschal|Vogt der Feste
trp_town_1_arena_master|Turniermeister
trp_town_2_arena_master|Turniermeister
trp_town_3_arena_master|Turniermeister
trp_town_4_arena_master|Turniermeister
trp_town_5_arena_master|Turniermeister
trp_town_6_arena_master|Turniermeister
trp_town_7_arena_master|Turniermeister
trp_town_8_arena_master|Turniermeister
trp_town_9_arena_master|Turniermeister
trp_town_10_arena_master|Turniermeister
trp_town_11_arena_master|Turniermeister
trp_town_12_arena_master|Turniermeister
trp_town_13_arena_master|Turniermeister
trp_town_14_arena_master|Turniermeister
trp_town_15_arena_master|Turniermeister
trp_town_16_arena_master|Turniermeister
trp_town_17_arena_master|Turniermeister
trp_town_18_arena_master|Turniermeister
trp_town_19_arena_master|Turniermeister
trp_town_20_arena_master|Turniermeister
trp_town_21_arena_master|Turniermeister
trp_town_22_arena_master|Turniermeister
trp_town_23_arena_master|Turniermeister
trp_town_24_arena_master|Turniermeister
trp_town_25_arena_master|Turniermeister
trp_town_26_arena_master|Turniermeister
trp_town_27_arena_master|Turniermeister
trp_town_28_arena_master|Turniermeister
trp_town_29_arena_master|Turniermeister
trp_town_1_armorer|Rüstungsschmied
trp_town_2_armorer|Rüstungsschmied
trp_town_3_armorer|Rüstungsschmied
trp_town_4_armorer|Rüstungsschmied
trp_town_5_armorer|Rüstungsschmied
trp_town_6_armorer|Rüstungsschmied
trp_town_7_armorer|Rüstungsschmied
trp_town_8_armorer|Rüstungsschmied
trp_town_9_armorer|Rüstungsschmied
trp_town_10_armorer|Rüstungsschmied
trp_town_11_armorer|Rüstungsschmied
trp_town_12_armorer|Rüstungsschmied
trp_town_13_armorer|Rüstungsschmied
trp_town_14_armorer|Eadwine der Rüstungsschmied
trp_town_15_armorer|Donnchadh der Rüstungsschmied
trp_town_16_armorer|Paega der Rüstungsschmied
trp_town_17_armorer|Lifris der Rüstungsschmied
trp_town_18_armorer|Fearchair der Rüstungsschmied
trp_town_19_armorer|Rüstungsschmied
trp_town_20_armorer|Rüstungsschmied
trp_town_21_armorer|Rüstungsschmied
trp_town_22_armorer|Rüstungsschmied
trp_town_23_armorer|Rüstungsschmied
trp_town_24_armorer|Rüstungsschmied
trp_town_25_armorer|Rüstungsschmied
trp_town_26_armorer|Rüstungsschmied
trp_town_27_armorer|Rüstungsschmied
trp_town_28_armorer|Rüstungsschmied
trp_town_29_armorer|Rüstungsschmied
trp_town_30_armorer|Ingleri
trp_town_1_weaponsmith|Waffenschmied
trp_town_2_weaponsmith|Waffenschmied
trp_town_3_weaponsmith|Waffenschmied
trp_town_4_weaponsmith|Waffenschmied
trp_town_5_weaponsmith|Atli der Waffenschmied
trp_town_6_weaponsmith|Harenbili der Waffenschmied
trp_town_7_weaponsmith|Egil der Waffenschmied
trp_town_8_weaponsmith|Godgyfu der Waffenschmied
trp_town_9_weaponsmith|Uormuin der Waffenschmied
trp_town_10_weaponsmith|Waffenschmied
trp_town_11_weaponsmith|Waffenschmied
trp_town_12_weaponsmith|Waffenschmied
trp_town_13_weaponsmith|Waffenschmied
trp_town_14_weaponsmith|Waffenschmied
trp_town_15_weaponsmith|Waffenschmied
trp_town_16_weaponsmith|Waffenschmied
trp_town_17_weaponsmith|Waffenschmied
trp_town_18_weaponsmith|Waffenschmied
trp_town_19_weaponsmith|Waffenschmied
trp_town_20_weaponsmith|Waffenschmied
trp_town_21_weaponsmith|Waffenschmied
trp_town_22_weaponsmith|Waffenschmied
trp_town_23_weaponsmith|Waffenschmied
trp_town_24_weaponsmith|Waffenschmied
trp_town_25_weaponsmith|Waffenschmied
trp_town_26_weaponsmith|Waffenschmied
trp_town_27_weaponsmith|Waffenschmied
trp_town_28_weaponsmith|Waffenschmied
trp_town_29_weaponsmith|Waffenschmied
trp_town_30_weaponsmith|Ulfberht
trp_town_31_weaponsmith|Weland
trp_town_1_tavernkeeper|Schankwirt
trp_town_2_tavernkeeper|Schankwirt
trp_town_3_tavernkeeper|Schankwirt
trp_town_4_tavernkeeper|Schankwirt
trp_town_5_tavernkeeper|Schankwirt
trp_town_6_tavernkeeper|Schankwirt
trp_town_7_tavernkeeper|Schankwirt
trp_town_8_tavernkeeper|Schankwirt
trp_town_9_tavernkeeper|Schankwirt
trp_town_10_tavernkeeper|Schankwirt
trp_town_11_tavernkeeper|Schankwirt
trp_town_12_tavernkeeper|Schankwirt
trp_town_13_tavernkeeper|Schankwirt
trp_town_14_tavernkeeper|Schankwirt
trp_town_15_tavernkeeper|Schankwirt
trp_town_16_tavernkeeper|Schankwirt
trp_town_17_tavernkeeper|Schankwirt
trp_town_18_tavernkeeper|Schankwirt
trp_town_19_tavernkeeper|Schankwirt
trp_town_20_tavernkeeper|Schankwirt
trp_town_21_tavernkeeper|Schankwirt
trp_town_22_tavernkeeper|Schankwirt
trp_town_23_tavernkeeper|Schankwirt
trp_town_24_tavernkeeper|Schankwirt
trp_town_25_tavernkeeper|Schankwirt
trp_town_26_tavernkeeper|Schankwirt
trp_town_27_tavernkeeper|Schankwirt
trp_town_28_tavernkeeper|Schankwirt
trp_town_29_tavernkeeper|Schankwirt
trp_town_30_tavernkeeper|Casius
trp_town_1_merchant|Händler
trp_town_2_merchant|Händler
trp_town_3_merchant|Händler
trp_town_4_merchant|Händler
trp_town_5_merchant|Händler
trp_town_6_merchant|Händler
trp_town_7_merchant|Högni
trp_town_8_merchant|Händler
trp_town_9_merchant|Händler
trp_town_10_merchant|Händler
trp_town_11_merchant|Adda
trp_town_12_merchant|Händler
trp_town_13_merchant|Händler
trp_town_14_merchant|Händler
trp_town_15_merchant|Händler
trp_town_16_merchant|Händler
trp_town_17_merchant|Händler
trp_town_18_merchant|Händler
trp_town_19_merchant|Händler
trp_town_20_merchant|Händler
trp_town_21_merchant|Händler
trp_town_22_merchant|Händler
trp_town_23_merchant|Händler
trp_town_24_merchant|Händler
trp_town_25_merchant|Händler
trp_town_26_merchant|Händler
trp_town_27_merchant|Händler
trp_town_28_merchant|Händler
trp_town_29_merchant|Händler
trp_salt_mine_merchant|Aeron ap Gareth
trp_salt_mine_merchant_pl|Aeron ap Gareth
trp_town_1_horse_merchant|Pferdehändler
trp_town_2_horse_merchant|Pferdehändler
trp_town_3_horse_merchant|Pferdehändler
trp_town_4_horse_merchant|Pferdehändler
trp_town_5_horse_merchant|Pferdehändler
trp_town_6_horse_merchant|Pferdehändler
trp_town_7_horse_merchant|Pferdehändler
trp_town_8_horse_merchant|Pferdehändler
trp_town_9_horse_merchant|Pferdehändler
trp_town_10_horse_merchant|Pferdehändler
trp_town_11_horse_merchant|Pferdehändler
trp_town_12_horse_merchant|Pferdehändler
trp_town_13_horse_merchant|Pferdehändler
trp_town_14_horse_merchant|Pferdehändler
trp_town_15_horse_merchant|Pferdehändler
trp_town_16_horse_merchant|Pferdehändler
trp_town_17_horse_merchant|Pferdehändler
trp_town_18_horse_merchant|Pferdehändler
trp_town_19_horse_merchant|Pferdehändler
trp_town_20_horse_merchant|Pferdehändler
trp_town_21_horse_merchant|Pferdehändler
trp_town_22_horse_merchant|Pferdehändler
trp_town_23_horse_merchant|Pferdehändler
trp_town_24_horse_merchant|Pferdehändler
trp_town_25_horse_merchant|Pferdehändler
trp_town_26_horse_merchant|Pferdehändler
trp_town_27_horse_merchant|Pferdehändler
trp_town_28_horse_merchant|Pferdehändler
trp_town_29_horse_merchant|Pferdehändler
trp_town_1_mayor|Gildenmeister
trp_town_2_mayor|Gildenmeister
trp_town_3_mayor|Gildenmeister
trp_town_4_mayor|Hallvard
trp_town_5_mayor|Gildenmeister
trp_town_6_mayor|Gildenmeister
trp_town_7_mayor|Gildenmeister
trp_town_8_mayor|Gildenmeister
trp_town_9_mayor|Gildenmeister
trp_town_10_mayor|Gildenmeister
trp_town_11_mayor|Gildenmeister
trp_town_12_mayor|Gildenmeister
trp_town_13_mayor|Gildenmeister
trp_town_14_mayor|Gildenmeister
trp_town_15_mayor|Gildenmeister
trp_town_16_mayor|Gildenmeister
trp_town_17_mayor|Gildenmeister
trp_town_18_mayor|Gildenmeister
trp_town_19_mayor|Gildenmeister
trp_town_20_mayor|Gildenmeister
trp_town_21_mayor|Gildenmeister
trp_town_22_mayor|Donngal
trp_town_23_mayor|Gildenmeister
trp_town_24_mayor|Gildenmeister
trp_town_25_mayor|Gildenmeister
trp_town_26_mayor|Gildenmeister
trp_town_27_mayor|Gildenmeister
trp_town_28_mayor|Gildenmeister
trp_town_29_mayor|Gildenmeister
trp_village_1_elder|Dorfältester
trp_village_2_elder|Dorfältester
trp_village_3_elder|Dorfältester
trp_village_4_elder|Dorfältester
trp_village_5_elder|Dorfältester
trp_village_6_elder|Dorfältester
trp_village_7_elder|Dorfältester
trp_village_8_elder|Dorfältester
trp_village_9_elder|Dorfältester
trp_village_10_elder|Dorfältester
trp_village_11_elder|Dorfältester
trp_village_12_elder|Dorfältester
trp_village_13_elder|Dorfältester
trp_village_14_elder|Dorfältester
trp_village_15_elder|Dorfältester
trp_village_16_elder|Dorfältester
trp_village_17_elder|Dorfältester
trp_village_18_elder|Dorfältester
trp_village_19_elder|Dorfältester
trp_village_20_elder|Dorfältester
trp_village_21_elder|Dorfältester
trp_village_22_elder|Dorfältester
trp_village_23_elder|Dorfältester
trp_village_24_elder|Dorfältester
trp_village_25_elder|Dorfältester
trp_village_26_elder|Dorfältester
trp_village_27_elder|Dorfältester
trp_village_28_elder|Godiva der Ältere
trp_village_29_elder|Dorfältester
trp_village_30_elder|Dorfältester
trp_village_31_elder|Dorfältester
trp_village_32_elder|Dorfältester
trp_village_33_elder|Dorfältester
trp_village_34_elder|Dorfältester
trp_village_35_elder|Dorfältester
trp_village_36_elder|Dorfältester
trp_village_37_elder|Dorfältester
trp_village_38_elder|Dorfältester
trp_village_39_elder|Dorfältester
trp_village_40_elder|Dorfältester
trp_village_41_elder|Dorfältester
trp_village_42_elder|Dorfältester
trp_village_43_elder|Dorfältester
trp_village_44_elder|Dorfältester
trp_village_45_elder|Dorfältester
trp_village_46_elder|Dorfältester
trp_village_47_elder|Dorfältester
trp_village_48_elder|Dorfältester
trp_village_49_elder|Dorfältester
trp_village_50_elder|Dorfältester
trp_village_51_elder|Dorfältester
trp_village_52_elder|Dorfältester
trp_village_53_elder|Wigmund der Ältere
trp_village_54_elder|Dorfältester
trp_village_55_elder|Dorfältester
trp_village_56_elder|Dorfältester
trp_village_57_elder|Dorfältester
trp_village_58_elder|Dorfältester
trp_village_59_elder|Dorfältester
trp_village_60_elder|Dorfältester
trp_village_61_elder|Dorfältester
trp_village_62_elder|Dorfältester
trp_village_63_elder|Dorfältester
trp_village_64_elder|Dorfältester
trp_village_65_elder|Dorfältester
trp_village_66_elder|Pyr der Ältere
trp_village_67_elder|Dorfältester
trp_village_68_elder|Dorfältester
trp_village_69_elder|Dorfältester
trp_village_70_elder|Dorfältester
trp_village_71_elder|Dorfältester
trp_village_72_elder|Dorfältester
trp_village_73_elder|Dorfältester
trp_village_74_elder|Dorfältester
trp_village_75_elder|Dorfältester
trp_village_76_elder|Dorfältester
trp_village_77_elder|Dorfältester
trp_village_78_elder|Caliacas
trp_village_79_elder|Dorfältester
trp_village_80_elder|Dorfältester
trp_village_81_elder|Dorfältester
trp_village_82_elder|Aesc der Ältere
trp_village_83_elder|Dorfältester
trp_village_84_elder|Dorfältester
trp_village_85_elder|Dorfältester
trp_village_86_elder|Dorfältester
trp_village_87_elder|Dorfältester
trp_village_88_elder|Dorfältester
trp_village_89_elder|Dorfältester
trp_village_90_elder|Dorfältester
trp_village_91_elder|Dorfältester
trp_village_92_elder|Dorfältester
trp_village_93_elder|Dorfältester
trp_village_94_elder|Dorfältester
trp_village_95_elder|Dorfältester
trp_village_96_elder|Dorfältester
trp_village_97_elder|Dorfältester
trp_village_98_elder|Ingolf der Ältere
trp_village_99_elder|Oleif der Ältere
trp_village_100_elder|Dorfältester
trp_village_101_elder|Dorfältester
trp_village_102_elder|Dorfältester
trp_village_103_elder|Dorfältester
trp_village_104_elder|Dorfältester
trp_village_105_elder|Dorfältester
trp_village_106_elder|Dorfältester
trp_village_107_elder|Dorfältester
trp_village_108_elder|Dorfältester
trp_village_109_elder|Dorfältester
trp_village_110_elder|Dorfältester
trp_village_111_elder|Dorfältester
trp_village_112_elder|Dorfältester
trp_village_113_elder|Dorfältester
trp_village_114_elder|Dorfältester
trp_village_115_elder|Dorfältester
trp_village_116_elder|Dorfältester
trp_village_117_elder|Dorfältester
trp_village_118_elder|Dorfältester
trp_village_119_elder|Dorfältester
trp_village_120_elder|Dorfältester
trp_village_121_elder|Dorfältester
trp_village_122_elder|Dorfältester
trp_village_123_elder|Dorfältester
trp_village_124_elder|Dorfältester
trp_village_125_elder|Dorfältester
trp_village_126_elder|Dorfältester
trp_village_127_elder|Dorfältester
trp_village_128_elder|Dorfältester
trp_village_129_elder|Dorfältester
trp_village_130_elder|Dorfältester
trp_village_131_elder|Dorfältester
trp_village_132_elder|Dorfältester
trp_village_133_elder|Dorfältester
trp_village_134_elder|Dorfältester
trp_village_135_elder|Dorfältester
trp_village_136_elder|Dorfältester
trp_village_137_elder|Dorfältester
trp_village_138_elder|Dorfältester
trp_village_139_elder|Dorfältester
trp_village_140_elder|Dorfältester
trp_village_141_elder|Dorfältester
trp_village_142_elder|Dorfältester
trp_village_143_elder|Dorfältester
trp_village_144_elder|Dorfältester
trp_village_145_elder|Dorfältester
trp_village_146_elder|Dorfältester
trp_village_147_elder|Dorfältester
trp_village_148_elder|Dorfältester
trp_village_149_elder|Dorfältester
trp_village_150_elder|Thonkrik
trp_monje_mercader|Mönch Händler
trp_monje_mercader_pl|Mönch Händler
trp_merchants_end|Händler Ende
trp_merchants_end_pl|Händler Ende
trp_town_1_healer|Arzt
trp_town_2_healer|Arzt
trp_town_3_healer|Arzt
trp_town_4_healer|Arzt
trp_town_5_healer|Arzt
trp_town_6_healer|Arzt
trp_town_7_healer|Arzt
trp_town_8_healer|Arzt
trp_town_9_healer|Arzt
trp_town_10_healer|Arzt
trp_town_11_healer|Arzt
trp_town_12_healer|Arzt
trp_town_13_healer|Arzt
trp_town_14_healer|Arzt
trp_town_15_healer|Arzt
trp_town_16_healer|Arzt
trp_town_17_healer|Arzt
trp_town_18_healer|Arzt
trp_town_19_healer|Arzt
trp_town_20_healer|Arzt
trp_town_21_healer|Arzt
trp_town_22_healer|Arzt
trp_town_23_healer|Arzt
trp_town_24_healer|Arzt
trp_town_25_healer|Arzt
trp_town_26_healer|Arzt
trp_town_27_healer|Arzt
trp_town_28_healer|Arzt
trp_town_29_healer|Arzt
trp_town_30_healer|Arzt
trp_healer_end|Heiler Ende
trp_town_1_shipwright|Schiffsbauer
trp_town_2_shipwright|Schiffsbauer
trp_town_3_shipwright|Schiffsbauer
trp_port_chief|Hafenmeister
trp_port_chief_pl|Hafenmeister
trp_town_5_shipwright|Kalle der Schiffsbauer
trp_town_6_shipwright|Schiffsbauer
trp_town_7_shipwright|Schiffsbauer
trp_town_8_shipwright|Schiffsbauer
trp_town_9_shipwright|Schiffsbauer
trp_town_10_shipwright|Schiffsbauer
trp_town_11_shipwright|Schiffsbauer
trp_town_12_shipwright|Schiffsbauer
trp_town_13_shipwright|Schiffsbauer
trp_town_14_shipwright|Schiffsbauer
trp_town_15_shipwright|Schiffsbauer
trp_town_16_shipwright|Schiffsbauer
trp_town_17_shipwright|Schiffsbauer
trp_town_18_shipwright|Schiffsbauer
trp_town_19_shipwright|Schiffsbauer
trp_town_20_shipwright|Schiffsbauer
trp_town_21_shipwright|Schiffsbauer
trp_town_22_shipwright|Schiffsbauer
trp_town_23_shipwright|Schiffsbauer
trp_town_24_shipwright|Schiffsbauer
trp_town_25_shipwright|Schiffsbauer
trp_town_26_shipwright|Schiffsbauer
trp_town_27_shipwright|Schiffsbauer
trp_town_28_shipwright|Schiffsbauer
trp_town_29_shipwright|Schiffsbauer
trp_shipwright_end|Wildschwein
trp_shipwright_end_pl|Wildschweine
trp_town_1_master_craftsman|Handwerker
trp_town_2_master_craftsman|Handwerker
trp_town_3_master_craftsman|Handwerker
trp_town_4_master_craftsman|Handwerker
trp_town_5_master_craftsman|Handwerker
trp_town_6_master_craftsman|Handwerker
trp_town_7_master_craftsman|Handwerker
trp_town_8_master_craftsman|Handwerker
trp_town_9_master_craftsman|Handwerker
trp_town_10_master_craftsman|Handwerker
trp_town_11_master_craftsman|Handwerker
trp_town_12_master_craftsman|Handwerker
trp_town_13_master_craftsman|Handwerker
trp_town_14_master_craftsman|Handwerker
trp_town_15_master_craftsman|Handwerker
trp_town_16_master_craftsman|Handwerker
trp_town_17_master_craftsman|Handwerker
trp_town_18_master_craftsman|Handwerker
trp_town_19_master_craftsman|Handwerker
trp_town_20_master_craftsman|Handwerker
trp_town_21_master_craftsman|Handwerker
trp_town_22_master_craftsman|Handwerker
trp_town_23_master_craftsman|Handwerker
trp_town_24_master_craftsman|Handwerker
trp_town_25_master_craftsman|Handwerker
trp_town_26_master_craftsman|Handwerker
trp_town_27_master_craftsman|Handwerker
trp_town_28_master_craftsman|Handwerker
trp_town_29_master_craftsman|Handwerker
trp_local_merchant|Ortshändler
trp_local_merchant_pl|Ortshändler
trp_tax_rebel|Bauernrebell
trp_tax_rebel_pl|Bauernrebellen
trp_trainee_peasant|Bauer
trp_trainee_peasant_pl|Bauern
trp_fugitive|Nervöser Mann
trp_fugitive_pl|Nervöse Männer
trp_belligerent_drunk|Streitlustiger Säufer
trp_belligerent_drunk_pl|Streitlustige Säufer
trp_hired_assassin|Reisender
trp_hired_assassin_pl|Auftragsmörder
trp_fight_promoter|Grober Kerl
trp_fight_promoter_pl|Grober Kerl
trp_spy|Gewöhnlicher Städter
trp_spy_pl|Gewöhnliche Städter
trp_spy_partner|Unbeachtlicher Städter
trp_spy_partner_pl|Unbeachtliche Städter
trp_camp_armory|Lager Waffenkammer
trp_camp_armory_pl|Lager Waffenkammer
trp_nurse_for_lady|Krankenschwester
trp_nurse_for_lady_pl|Krankenschwester
trp_temporary_minister|Pfarrer
trp_temporary_minister_pl|Pfarrer
trp_norse_multiplayer|Handlanger
trp_norse_multiplayer_pl|Handlanger
trp_saxon_multiplayer|Geanata
trp_saxon_multiplayer_pl|Geanatas
trp_angle_multiplayer|Geanata
trp_angle_multiplayer_pl|Geanatas
trp_briton_multiplayer|Milwr
trp_briton_multiplayer_pl|Milwyr
trp_irish_multiplayer|Cliarthaire
trp_irish_multiplayer_pl|Cliarthairi
trp_scotch_multiplayer|Verletzung
trp_scotch_multiplayer_pl|Verletzt
trp_norse_capitan|Adliger (Hersi)
trp_norse_capitan_pl|Adlige (Hersir)
trp_norse_elite|Elite Krieger (Huskarl)
trp_norse_elite_pl|Elite Krieger (Huskarlar)
trp_saxon_capitan|Adliger (Thane)
trp_saxon_capitan_pl|Adlige (Thanes)
trp_saxon_elite|Leibwache (Hearthweru)
trp_saxon_elite_pl|Leibwächter (Hearthwerus)
trp_angle_capitan|Adliger  (Thane)
trp_angle_capitan_pl|Adliger (Thanes)
trp_angle_elite|Leibwache (Hearthweru)
trp_angle_elite_pl|Leibwächter (Hearthwerus)
trp_briton_capitan|Adliger (Uchelwr)
trp_briton_capitan_pl|Adliger (Uchelwyr)
trp_briton_elite|Meister (Campiwr)
trp_briton_elite_pl|Meister (Campgwr)
trp_irish_capitan|Adliger (Airig)
trp_irish_capitan_pl|Adliger (Arras)
trp_irish_elite|Leibwache (Deaisbard)
trp_irish_elite_pl|Leibwächter (Deaisbards)
trp_scotch_capitan|Adliger (Toisech)
trp_scotch_capitan_pl|Adliger (Toisechs)
trp_scotch_elite|Meister (Gaisgidh)
trp_scotch_elite_pl|Meister (Gaisgidhs)
trp_nurse|Krankenschwester
trp_quick_battle_troop_1|Bodo der Kantabrische
trp_quick_battle_troop_1_pl|Bodo der Kantabrische
trp_quick_battle_troop_2|Sven Stierhals
trp_quick_battle_troop_2_pl|Sven Stierhals
trp_quick_battle_troop_3|Cerball Mac Dunlainge
trp_quick_battle_troop_3_pl|Cerball Mac Dunlainge
trp_quick_battle_troop_4|Artorius
trp_quick_battle_troop_4_pl|Artorius
trp_quick_battle_troop_5|Cinead
trp_quick_battle_troop_5_pl|Cinead
trp_quick_battle_troop_6|Oswald
trp_quick_battle_troop_6_pl|Oswald
trp_quick_battle_troop_7|Hildr
trp_quick_battle_troop_7_pl|Hildr
trp_quick_battle_troops_cam|Kamera
trp_quick_battle_troops_cam_pl|Kamera
trp_tutorial_fighter_1|Unerfahrener Kämpfer
trp_tutorial_fighter_1_pl|Kämpfer
trp_tutorial_fighter_2|Unerfahrener Kämpfer
trp_tutorial_fighter_2_pl|Kämpfer
trp_tutorial_fighter_3|Regulärer Kämpfer
trp_tutorial_fighter_3_pl|Kämpfer
trp_tutorial_fighter_4|Erfahrener Kämpfer
trp_tutorial_fighter_4_pl|Kämpfer
trp_tutorial_archer_1|Bogenschütze
trp_tutorial_archer_1_pl|Bogenschützen
trp_tutorial_master_archer|Bogenschützenausbilder
trp_tutorial_master_archer_pl|Bogenschützenausbilder
trp_tutorial_rider_1|Reiter
trp_tutorial_rider_2|Pferdeangebote
trp_tutorial_master_horseman|Reitlehrer
trp_tutorial_master_horseman_pl|Reitlehrer
trp_swadian_merchant|Händler
trp_vaegir_merchant|Händler
trp_khergit_merchant|Händler
trp_nord_merchant|Heiler
trp_rhodok_merchant|Händler
trp_sarranid_merchant|Händler
trp_startup_merchants_end|Ende der Starthändler
trp_startup_merchants_end_pl|Ende der Starthändler
trp_old_hero_boargrove|Alter Held
trp_old_hero_boargrove_pl|Alte Helden
trp_sea_raider_leader|Berserker
trp_sea_raider_leader_pl|Berserker
trp_looter_leader|Ulfhedinn
trp_looter_leader_pl|Ulfhednar
trp_bandit_leaders_end|Banditenführer beenden
trp_bandit_leaders_end_pl|Banditenführer beenden
trp_relative_of_merchant|Asturischer Kapiän
trp_relative_of_merchants_end|relative of merchants end
trp_relative_of_merchants_end_pl|relative of merchants end
trp_sacerdote_lair|Priester Beda
trp_sacerdote_lair_pl|Priester
trp_pagano_lair|Godi Olafr
trp_pagano_lair_pl|Priester
trp_bardo_lair|Sänger Siwi
trp_bardo_lair_pl|Sänger
trp_skald_lair|Dichter Bragi
trp_skald_lair_pl|Sänger
trp_quastuosa_lair1|Suaibsech
trp_quastuosa_lair1_pl|Bettler
trp_quastuosa_lair2|Tancoystl
trp_quastuosa_lair2_pl|Bettler
trp_quastuosa_lair3|Gulla
trp_quastuosa_lair3_pl|Bettler
trp_quastuosa_lair4|Eadgyd
trp_quastuosa_lair4_pl|Bettler
trp_lair_barber1|Aurelius
trp_lair_barber1_pl|Aurelius
trp_lair_barber2|Morgan
trp_lair_barber2_pl|Morgan
trp_lair_barber3|Alexander
trp_lair_barber3_pl|Alexander
trp_lair_barber4|Ailill
trp_lair_barber4_pl|Ailill
trp_cook_lair|Wamba
trp_cook_lair_pl|Cook
trp_lair_captain|Marcus
trp_lair_captain_pl|Hort Kapitäne
trp_mule_troop|Der Frosch
trp_mule_troop_pl|Der Frosch
trp_leader_playerrf|Landsknecht-Schwertkämpfer
trp_leader_playerrf_pl|Landsknecht-Schwertkämpfer
trp_mountain_bandit_leader|Wolfherz
trp_mountain_bandit_leader_pl|Wolfherz
trp_last_druid|Druide
trp_last_druid_pl|Druide
trp_old_roman|Alte Römer
trp_old_roman_pl|Alte Römer
trp_sea_raider_hero2|Kapitänheld
trp_sea_raider_hero2_pl|Kapitänheld
trp_desert_bandit_hero|König der Räuber
trp_desert_bandit_hero_pl|Könige der Räuber
trp_troll_bridge|Großer Mann
trp_troll_bridge_pl|Großer Mann
trp_elf_riddles|Kleiner Mann
trp_elf_riddles_pl|Kleiner Mann
trp_silo_gallaecia|Silo von Gallaecia kommt
trp_silo_gallaecia_pl|Silo von Gallaecia
trp_petrus_didaz|Dux Petrus Didaz
trp_petrus_didaz_pl|Dux Petro der Gläubiger
trp_gundinsalvo_cantabrian|Gundinsalvo von Amaia kommt
trp_gundinsalvo_cantabrian_pl|Gundinsalvo von Amaia kommt
trp_port_crew|Alter Seekapitän
trp_port_crew_pl|Sir Kapitäne
trp_port_pirate|Sklavenhändler
trp_port_pirate_pl|Sklavenhändler
trp_fisher|Fischer
trp_fisher_pl|Fischer
trp_thiaderd|Thiaderd
trp_thiaderd_pl|Thiaderd
trp_sea_raider_prisoner|Schiffskapitän
trp_sea_raider_prisoner_pl|Kapitäne
trp_doccinga_torturador|Folterer
trp_doccinga_torturador_pl|Folterer
trp_leader_svenlair|Harald
trp_leader_svenlair_pl|Kapitäne
trp_farmstead_prisoner|Gefangener
trp_farmstead_prisoner_pl|Gefangener
trp_sven_brother|Olvir weiße Haare
trp_sven_brother_pl|Olvir
trp_atli_eiriksson|Atli Eiríksson
trp_atli_eiriksson_pl|Atli
trp_sven_bull_neck|Sven Stierhals
trp_sven_bull_neck_pl|Sven
trp_frisianship_merchant|Kapitän
trp_sailors|Woden Ric Seemann
trp_sailors_pl|Woden Ric Seemänner
trp_mercenary_arqueros|Bogenschütze Söldner
trp_mercenary_arqueros_pl|Bogenschützen Söldner
trp_bodo_falso|Bodo
trp_bodo_falso_pl|Bodo
trp_your_tutorialwife|Mutter
trp_your_tutorialwife_pl|Mütter
trp_your_motherold|Alte Mutter
trp_your_motherold_pl|Alte Mutter
trp_ulf_thefarmer|Ulf
trp_hija_granja|Thora
trp_hija_granja_pl|Thora
trp_orm_robagranjas|Orm Svarte
trp_orm_robagranjas_pl|Orm Svarte
trp_pagano|Godi Olafr
trp_pagano_pl|Priester
trp_pseudo_troop_01|Gjalfrmarr
trp_pseudo_troop_01_pl|
trp_pseudo_troop_02|Eydendr
trp_pseudo_troop_02_pl|
trp_pseudo_troop_03|Gunnmas
trp_pseudo_troop_03_pl|
trp_pseudo_troop_04|Sundvargs
trp_pseudo_troop_04_pl|PT
trp_pseudo_troop_05|Unnswin
trp_pseudo_troop_05_pl|PT
trp_pseudo_troop_06|Bengrefill
trp_pseudo_troop_06_pl|PT
trp_pseudo_troop_07|Elgslagar
trp_pseudo_troop_07_pl|PT
trp_pseudo_troop_08|Arajo
trp_pseudo_troop_08_pl|PT
trp_pseudo_troop_09|Byrskids
trp_pseudo_troop_09_pl|PT
trp_pseudo_troop_end|Zweiter Outfit
trp_pseudo_troop_end_pl|Pseudo Truppe Ende
trp_the_snake|Die Schlange
trp_the_snake_pl|Die Schlange
trp_campeon_1|AED-Mac Ainmerech
trp_campeon_1_pl|AED-Mac Ainmerech
trp_campeon_2|Olchobar Mac Cinaeda
trp_campeon_2_pl|Olchobar Mac Cinaeda
trp_slave|Sklave
trp_slave_pl|Sklaven
trp_morrigan_npc|Morrigan
trp_morrigan_npc_pl|Morrigan
trp_dog|Hund
trp_dog_pl|Hunde
trp_caliacas_son|Bran Mac Caliacas
trp_caliacas_son_pl|Bran Mac Caliacas
trp_maelbresail_man|Fergus Mac Cormaic
trp_maelbresail_man_pl|Fergus Mac Cormaic
trp_maelbressail_nother|Mael Bresails Mutter
trp_maelbressail_nother_pl|Mael Bresails Mutter
trp_mp_norse_peasant|Bauer
trp_mp_norse_peasant_pl|Bauer
trp_mp_saxon_peasant|Bauer
trp_mp_saxon_peasant_pl|Bauer
trp_mp_angle_peasant|Bauer
trp_mp_angle_peasant_pl|Bauer
trp_mp_briton_peasant|Bauer
trp_mp_briton_peasant_pl|Bauer
trp_mp_irish_peasant|Bauer
trp_mp_irish_peasant_pl|Bauer
trp_mp_scotch_peasant|Bauer
trp_mp_scotch_peasant_pl|Bauer
trp_mp_norse_infantry|Nordische Infanterie
trp_mp_norse_infantry_pl| 
trp_mp_norse_archer|Nord-Bogenschütze
trp_mp_norse_archer_pl| 
trp_mp_norse_cavalry|Nordische Kavallerie
trp_mp_norse_cavalry_pl| 
trp_mp_saxon_infantry|Sächsische Infanterie
trp_mp_saxon_infantry_pl| 
trp_mp_saxon_archer|Sächsischer Bogenschütze
trp_mp_saxon_archer_pl| 
trp_mp_saxon_cavalry|Sächsische Kavallerie
trp_mp_saxon_cavalry_pl| 
trp_mp_angle_infantry|Anglische Infanterie
trp_mp_angle_infantry_pl| 
trp_mp_angle_archer|Anglischer Bogenschütze
trp_mp_angle_archer_pl| 
trp_mp_angle_cavalry|Anglische Kavallerie
trp_mp_angle_cavalry_pl| 
trp_mp_briton_infantry|Britannische Infanterie
trp_mp_briton_infantry_pl| 
trp_mp_briton_archer|Britannischer Bogenschütze
trp_mp_briton_archer_pl| 
trp_mp_briton_cavalry|Britannische Kavallerie
trp_mp_briton_cavalry_pl| 
trp_mp_irish_infantry|Goidelische Infanterie
trp_mp_irish_infantry_pl| 
trp_mp_irish_archer|Goidelischer Bogenschütze
trp_mp_irish_archer_pl| 
trp_mp_irish_cavalry|Goidelische Kavallerie
trp_mp_irish_cavalry_pl| 
trp_mp_scotch_infantry|Piktische Infanterie
trp_mp_scotch_infantry_pl| 
trp_mp_scotch_archer|Piktischer Bogenschütze
trp_mp_scotch_archer_pl| 
trp_mp_scotch_cavalry|Piktische Kavallerie
trp_mp_scotch_cavalry_pl| 
trp_norse_peasant_ai|Nordischer Freigelassener (Leysingi)
trp_norse_peasant_ai_pl|Nordische Freigelassene (Leysingja)
trp_saxon_peasant_ai|Sächsischer Bauer (Gebur)
trp_saxon_peasant_ai_pl|Bauern (Geburas)
trp_angle_peasant_ai|Anglischer Bauer (Gebur)
trp_angle_peasant_ai_pl|Bauern (Geburas)
trp_briton_peasant_ai|Britischer Leibeigener (Aillt)
trp_briton_peasant_ai_pl|Britische Leibeigene (Aillts)
trp_irish_peasant_ai|Irischer Leibeigener (Senchleithe)
trp_irish_peasant_ai_pl|Irische Leibeigene (Senchleithe)
trp_scotch_peasant_ai|Piktischer Bauer (Bachlach)
trp_scotch_peasant_ai_pl|Bauern (Bachlach)
trp_fake_berserker|Berserker
trp_fake_berserker_pl|Berserker
trp_copy_npc1|Caio
trp_copy_npc1_pl|Caio
trp_copy_npc2|Egil
trp_copy_npc2_pl|Egil
trp_copy_npc3|Brunhild
trp_copy_npc3_pl|Brunhild
trp_copy_npc4|Donnchadh
trp_copy_npc4_pl|Donnchadh
trp_copy_npc5|Morgant
trp_copy_npc5_pl|Morgant
trp_copy_npc6|Bodo
trp_copy_npc6_pl|Bodo
trp_copy_npc7|Dwywei
trp_copy_npc7_pl|Dwywei
trp_copy_npc8|Reginhard
trp_copy_npc8_pl|Reginhard
trp_copy_npc9|Clovis
trp_copy_npc9_pl|Clovis
trp_copy_npc10|Ceawlin
trp_copy_npc10_pl|Ceawlin
trp_copy_npc11|Solveig
trp_copy_npc11_pl|Solveig
trp_copy_npc12|Asbjorn
trp_copy_npc12_pl|Asbjorn
trp_copy_npc13|Helgi
trp_copy_npc13_pl|Helgi
trp_copy_npc14|Ailchu
trp_copy_npc14_pl|Ailchu
trp_copy_npc15|Agathinos
trp_copy_npc15_pl|Agathinos
trp_copy_npc16|Beda
trp_copy_npc16_pl|Beda
