trp_multiplayer_profile_troop_male|multiplayer profile troop male
trp_multiplayer_profile_troop_male_pl|multiplayer profilo truppa di sesso maschile
trp_multiplayer_profile_troop_female|multiplayer profilo truppa di sesso femminile
trp_multiplayer_profile_troop_female_pl|multiplayer profile troop female
trp_temp_troop|Temp Troop
trp_temp_troop_pl|Temp Troop
trp_find_item_cheat|find item cheat
trp_find_item_cheat_pl|find item cheat
trp_random_town_sequence|Random Town Sequence
trp_random_town_sequence_pl|Random Town Sequence
trp_tournament_participants|Partecipanti al torneo
trp_tournament_participants_pl|Partecipanti al torneo
trp_tutorial_maceman|Mazzieri
trp_tutorial_maceman_pl|Mazzieri
trp_tutorial_archer|Arciere
trp_tutorial_archer_pl|Arciere
trp_tutorial_swordsman|Spadaccini
trp_tutorial_swordsman_pl|Spadaccini
trp_novice_fighter|Combattente Novizio
trp_novice_fighter_pl|Combattenti Novizi
trp_regular_fighter|Combattente
trp_regular_fighter_pl|Combattenti Regolari
trp_veteran_fighter|Combattente Veterano
trp_veteran_fighter_pl|Combattenti Veterani
trp_champion_fighter|Campione Combattente
trp_champion_fighter_pl|Campioni Combattenti
trp_arena_training_fighter_1|Combattente Novizio
trp_arena_training_fighter_1_pl|Combattenti Novizi
trp_arena_training_fighter_2|Combattente Novizio
trp_arena_training_fighter_2_pl|Combattenti Novizi
trp_arena_training_fighter_3|Combattente Regolare
trp_arena_training_fighter_3_pl|Combattenti Regolari
trp_arena_training_fighter_4|Combattente Regolare
trp_arena_training_fighter_4_pl|Combattenti Regolari
trp_arena_training_fighter_5|Combattente Regolare
trp_arena_training_fighter_5_pl|Combattenti Regolari
trp_arena_training_fighter_6|Combattente Veterano
trp_arena_training_fighter_6_pl|Combattenti Veterani
trp_arena_training_fighter_7|Combattente Veterano
trp_arena_training_fighter_7_pl|Combattenti Veterani
trp_arena_training_fighter_8|Combattente Veterano
trp_arena_training_fighter_8_pl|Combattenti Veterani
trp_arena_training_fighter_9|Campione Combattente
trp_arena_training_fighter_9_pl|Campioni Combattenti
trp_arena_training_fighter_10|Campione Combattente
trp_arena_training_fighter_10_pl|Campioni Combattenti
trp_cattle|Mandrie
trp_cattle_pl|Mandrie
trp_farmer|Contadino
trp_farmer_pl|Contadini
trp_cantaber_iuventus|Guerriero Cantabro
trp_cantaber_iuventus_pl|Razziatore Cantabro
trp_asturias_veteran|Veterano Asturo
trp_asturias_veteran_pl|Veterano Asturo
trp_gallaecia_warrior|Compagnia di Guardia Gallica
trp_gallaecia_warrior_pl|Compagnia di Guardia Gallica
trp_townsman|Cittadino
trp_townsman_pl|Cittadini
trp_watchman|Guardia
trp_watchman_pl|Guardie
trp_mercenary_cavalry|Cavaliere Franco
trp_mercenary_cavalry_pl|Cavalieri Franchi
trp_caravan_guard|Lanciere
trp_caravan_guard_pl|Lancieri
trp_mercenary_swordsman|Veterano
trp_mercenary_swordsman_pl|Veterani
trp_regular_sailors|Marinaio
trp_regular_sailors_pl|Marinai
trp_mercenary_horseman|Schermagliatore Aquitaniano
trp_mercenary_horseman_pl|Schermagliatori Aquitaniani
trp_mercenary_leader|Capitano Anziano
trp_mercenary_leader_pl|Capitani Anziani
trp_hired_blade|Guerriero Sueone
trp_hired_blade_pl|Guerrieri Sueoni
trp_mercenary_crossbowman|Arciere Finnico
trp_mercenary_crossbowman_pl|Arcieri Finnici
trp_mercenaries_end|Abitante
trp_mercenaries_end_pl|Abitanti del villaggio
trp_norse_slave|Uomo Norreno Liberato (Leysingi)
trp_norse_slave_pl|Uomini Norreni Liberati (Leysingja)
trp_norse_bowman|Arciere Norreno (Gestr)
trp_norse_bowman_pl|Arcieri Norreni (Gestir)
trp_norse_elitearcher|Arciere Guerriero Norreno (Heimthegi)
trp_norse_elitearcher_pl|Arcieri Guerrieri Norreni (Heimthegar)
trp_norse_level0_landed|Signore Norreno (Boandi)
trp_norse_level0_landed_pl|Signori Norreni (Bondar)
trp_norse_level1_landed|Lanciere Norreno (Drengr)
trp_norse_level1_landed_pl|Lancieri Norreni (Drengir)
trp_norse_level2_landed|Lanciere Elite Norreno (Thegn)
trp_norse_level2_landed_pl|Lancieri Elite Norreni (Thegnar)
trp_norse_level3_landed|Nobile Norreno (Hersir)
trp_norse_level3_landed_pl|Nobili Norreni (Hersir)
trp_norse_level0_companion|Compagno Norreno (Hirthmathr)
trp_norse_level0_companion_pl|Compagni Norreni (Hirthmathr)
trp_norse_level1_companion|Veterano Norreno (Rekkr)
trp_norse_level1_companion_pl|Veterani Norreni (Rekkar)
trp_norse_level2_companion|Guardia del Corpo Norrena (Huskarl)
trp_norse_level2_companion_pl|Guardie del Corpo Norrene (Huskarlar)
trp_norse_standard_bearer|Portabandiera (Merkismathr)
trp_norse_standard_bearer_pl|Portabandiera (Merkismathr)
trp_norse_priest|Gothi
trp_norse_priest_pl|Gothar
trp_briton_slave|Servo Bretone (Aillt)
trp_briton_slave_pl|Servi Bretoni (Aillts)
trp_briton_level0_landed|Signore Bretone (Bonheddwr)
trp_briton_level0_landed_pl|Signori Britanni (Bonheddwyr)
trp_briton_level1_landed|Lanciere Britanno (Pedyt)
trp_briton_level1_landed_pl|Lancieri Britanni (Pedytes)
trp_briton_level2_landed|Lanciere Britanno Elite (Gwrda)
trp_briton_level2_landed_pl|Lancieri Britanni Elite (Gwrdas)
trp_briton_level3_landed|Nobile Britanno (Uchelwr)
trp_briton_level3_landed_pl|Nobili Britanni (Uchelwyr)
trp_briton_level0_companion|Guerriero Britanno (Cadwr)
trp_briton_level0_companion_pl|Guerrieri Britanni (Cadwyr)
trp_briton_level1_companion|Campione Britanno (Campiwr)
trp_briton_level1_companion_pl|Campioni Britanni (Campgwr)
trp_briton_level2_companion|Guardia del Corpo Britanno (Teulu)
trp_briton_level2_companion_pl|Guardie del Corpo Britanne (Teulus)
trp_briton_bowman|Schermagliatore Briton (Cipryswr)
trp_briton_bowman_pl|Schermagliatori Bretoni (Cipryswyr)
trp_briton_marksman|Arcieri Bretoni (Saethydd)
trp_briton_marksman_pl|Arcieri Bretoni (Saethydds)
trp_briton_horseman|Cavaliere Britanno (Marchoc)
trp_briton_horseman_pl|Cavalieri Britanni (Marcach)
trp_briton_standard_bearer|Portabandiera (Gwas Ys Tafell)
trp_briton_standard_bearer_pl|Portabandiere (Gwas Ys Tafell)
trp_briton_priest|Sacerdote Britanno
trp_briton_priest_pl|Sacerdoti Britanni
trp_saxon_slave|Contadino Sassone (Gebur)
trp_saxon_slave_pl|Contadini (Geburas)
trp_saxon_bowman|Arciere Sassone (Scytta)
trp_saxon_bowman_pl|Arcieri Sassoni (Scyttena)
trp_saxon_level0_landed|Signore Sassone (Kotsetla)
trp_saxon_level0_landed_pl|Signori Sassoni (Kotsetlas)
trp_saxon_level1_landed|Lanciere Sassone (Cniht)
trp_saxon_level1_landed_pl|Lancieri Sassoni (Cnihtes)
trp_saxon_level2_landed|Guerriero Sassone (Cempa)
trp_saxon_level2_landed_pl|Guerrieri Sassoni (Cempan)
trp_saxon_level3_landed|Nobile Sassone (Thegn)
trp_saxon_level3_landed_pl|Nobili Sassoni (Thegns)
trp_saxon_level0_companion|Compagno Sassone (Geneat)
trp_saxon_level0_companion_pl|Compagni Sassoni (Geneata)
trp_saxon_level1_companion|Veterano Sassone (Gesith)
trp_saxon_level1_companion_pl|Veterani Sassoni (Gesithas)
trp_saxon_level2_companion|Guardia del Corpo Sassone (Gedriht)
trp_saxon_level2_companion_pl|Guardie del Corpo Sassoni (Gedrihtes)
trp_saxon_horseman|Cavaliere Sassone (Ridda)
trp_saxon_horseman_pl|Cavalieri Sassoni (Riddan)
trp_saxon_standard_bearer|Portabandiera (Tacnberend)
trp_saxon_standard_bearer_pl|Portabandiere (Tacnberends)
trp_saxon_priest|Sacerdote Sassone
trp_saxon_priest_pl|Sacerdoti Sassoni
trp_scotch_peasant|Contadino Pitto (Bachlach)
trp_scotch_peasant_pl|Contadini (Bachlach)
trp_scotch_bowman|Schermagliatore Pitto (Fuidir)
trp_scotch_bowman_pl|Schermagliatori (Fuidirs)
trp_scotch_level0_skirmisher|Schermagliatore Veterani Pitti (Saigteoir)
trp_scotch_level0_skirmisher_pl|Schermagliatori Veterani (Saigteoir)
trp_scotch_level1_skirmisher|Schermagliatore Elite Pitto (Cruithnen)
trp_scotch_level1_skirmisher_pl|Schermagliatori Elite (Cruithnen)
trp_scotch_horseman|Cavaliere Pitto (Marcach)
trp_scotch_horseman_pl|Cavalieri leggeri (Marcach)
trp_scotch_level0_landed|Proprietario terriero Pittone (Bothach)
trp_scotch_level0_landed_pl|Proprietari terrieri Pittoni (Bothach)
trp_scotch_level1_landed|Lanciere Pitto (Octhigern)
trp_scotch_level1_landed_pl|Lancieri Pitti (Octhigern)
trp_scotch_level2_landed|Guerriero Pitto (Gaithlennach)
trp_scotch_level2_landed_pl|Guerrieri Pitti (Gaithlennach)
trp_scotch_level0_companion|Soldato Pitto con Ascia (Crechaire)
trp_scotch_level0_companion_pl|Soldati Pitti con Ascia (Crechaire)
trp_scotch_level1_companion|Veterano Pitto (Arsaid)
trp_scotch_level1_companion_pl|Veterani Pitti (Arsaid)
trp_scotch_level2_companion|Campione Pitto (Gaiscedach)
trp_scotch_level2_companion_pl|Campioni Pitti (Gaisgidh)
trp_scotch_knight|Nobile Pitto (Toisech)
trp_scotch_knight_pl|Nobili Pitti (Toisechs)
trp_scotch_standard_bearer|Portabandiera (Samhladh)
trp_scotch_standard_bearer_pl|Portabandiera (Samhladh)
trp_scotch_musician|Cornista Pitto
trp_scotch_musician_pl|Cornisti Pitti
trp_scotch_priest|Sacerdote
trp_scotch_priest_pl|Sacerdoti
trp_angle_slave|Contadino Anglo (Gebur)
trp_angle_slave_pl|Contadini (Geburas)
trp_angle_bowman|Arciere Anglo (Scytta)
trp_angle_bowman_pl|Arcieri Angli (Scyttena)
trp_angle_level0_landed|Signore Anglo (Kotsetla)
trp_angle_level0_landed_pl|Signori Angli (Kotsetlas)
trp_angle_level1_landed|Lanciere Anglo (Cniht)
trp_angle_level1_landed_pl|Lancieri (Cnihtes)
trp_angle_level2_landed|Guerriero Anglo (Cempa)
trp_angle_level2_landed_pl|Guerrieri Angli (Cempan)
trp_angle_level3_landed|Nobile Anglo (Thegn)
trp_angle_level3_landed_pl|Nobili Angli (Thegns)
trp_angle_level0_companion|Compagno Anglo (Geneat)
trp_angle_level0_companion_pl|Compagni Angli (Geneata)
trp_angle_level1_companion|Veterano Anglo (Gesith)
trp_angle_level1_companion_pl|Veterani Angli(Gesithas)
trp_angle_level2_companion|Guardia del Corpo Anglo (Gedriht)
trp_angle_level2_companion_pl|Guardie del Corpo Angli (Gedrihtes)
trp_angle_horseman|Cavaliere Anglo (Ridda)
trp_angle_horseman_pl|Cavalieri Angli (Riddan)
trp_angle_standard_bearer|Portabandiera (Tacnberend)
trp_angle_standard_bearer_pl|Portabandiere (Tacnberends)
trp_angle_priest|Sacerdote Anglo
trp_angle_priest_pl|Sacerdoti Angli
trp_irish_slave|Servo Irlandese (Senchleithe)
trp_irish_slave_pl|Servi Irlandesi (Senchleithe)
trp_irish_bowman|Schermagliatore Irlandese (Fer Midboth)
trp_irish_bowman_pl|Schermagliatori Irlandesi (Fer Midboth)
trp_irish_level0_skirmisher|Schermagliatore Veterano Irlandese (Ceithernach)
trp_irish_level0_skirmisher_pl|Schermagliatori Veterani Irlandesi (Ceithern)
trp_irish_level1_skirmisher|Schermagliatore Elite Irlandese (Fianaige)
trp_irish_level1_skirmisher_pl|Schermagliatori Elite Irlandesi (Fian)
trp_irish_horseman|Cavaliere Irlandese (Marcach)
trp_irish_horseman_pl|Cavalieri Irlandesi (Marcach)
trp_irish_level0_landed|Lavoratore Irlandese (Bothach)
trp_irish_level0_landed_pl|Milizia Irlandese (Bothach)
trp_irish_level1_landed|Signore Irlandese (Ocaire)
trp_irish_level1_landed_pl|Signori Irlandesi (Ocaires)
trp_irish_level2_landed|Veterano Irlandese (Boaire)
trp_irish_level2_landed_pl|Veterani Irlandesi (Boaires)
trp_irish_level3_landed|Nobile Irlandese (Aire)
trp_irish_level3_landed_pl|Nobili Irlandesi (Airig)
trp_irish_level0_companion|Guerriero Irlandese (Cliarnach)
trp_irish_level0_companion_pl|Guerrieri Irlandesi (Cliathaire)
trp_irish_level1_companion|Campione Irlandese (Caur)
trp_irish_level1_companion_pl|Campioni Irlandesi (Curadmir)
trp_irish_knight|Guardia del Corpo Irlandese (Riglach)
trp_irish_knight_pl|Guardie del Corpo Irlandesi (Riglach)
trp_irish_standard_bearer|Portabandiera (Meirgeach)
trp_irish_standard_bearer_pl|Portabandiere (Meirgeach)
trp_irish_priest|Sacerdote Gaelico
trp_irish_priest_pl|Sacerdoti Gaelici
trp_todos_cuerno|Cornista
trp_todos_cuerno_pl|Cornisti
trp_norse_messenger|Messaggero (Bodi)
trp_norse_messenger_pl|Messaggeri (Bodar)
trp_norse_deserter|Disertore Norreno
trp_norse_deserter_pl|Disertori Norreni
trp_norse_prison_guard|Carcieriere
trp_norse_prison_guard_pl|Carcierieri
trp_norse_castle_guard|Guardia del Forte
trp_norse_castle_guard_pl|Guardie del Forte
trp_frisian_basic|Frisiano (Husmo)
trp_frisian_basic_pl|Frisiani (Fresen)
trp_frisian_mid|Guerriero Frisiano (Wigand)
trp_frisian_mid_pl|Guerrieri Frisiani (Wiganda)
trp_frisian_heavy|Veterano Frisiano (Werand)
trp_frisian_heavy_pl|Veterani Frisiani (Weranda)
trp_frisian_cav|Cavaliere Frisiano (Riddere)
trp_frisian_cav_pl|Cavalieri Frisiani (Riddere)
trp_briton_messenger|Messaggeri
trp_briton_messenger_pl|Messaggeri
trp_briton_deserter|Disertore Britanno
trp_briton_deserter_pl|Disertori Britanni
trp_briton_prison_guard|Carcieriere
trp_briton_prison_guard_pl|Carcierieri
trp_briton_castle_guard|Guardia del Forte
trp_briton_castle_guard_pl|Guardie del Forte
trp_saxon_messenger|Messaggero (Horsweala)
trp_saxon_messenger_pl|Messaggeri (Horswealas)
trp_saxon_deserter|Disertore Sassone
trp_saxon_deserter_pl|Disertori Sassoni
trp_saxon_prison_guard|Carcieriere
trp_saxon_prison_guard_pl|Carcierieri
trp_saxon_castle_guard|Guardia del Forte
trp_saxon_castle_guard_pl|Guardie del Forte
trp_scotch_messenger|Messaggeri
trp_scotch_messenger_pl|Messaggeri
trp_scotch_deserter|Disertore Pitto
trp_scotch_deserter_pl|Disertori Pitti
trp_scotch_prison_guard|Carcieriere
trp_scotch_prison_guard_pl|Carcierieri
trp_scotch_castle_guard|Guardia del Forte
trp_scotch_castle_guard_pl|Guardie del Forte
trp_angle_messenger|Messaggero (Horsweala)
trp_angle_messenger_pl|Messaggeri (Horswealas)
trp_angle_deserter|Disertore Anglo
trp_angle_deserter_pl|Disertori Angli
trp_angle_prison_guard|Carcieriere
trp_angle_prison_guard_pl|Carcierieri
trp_angle_castle_guard|Guardia del Forte
trp_angle_castle_guard_pl|Guardie del Forte
trp_irish_messenger|Messaggeri
trp_irish_messenger_pl|Messaggeri
trp_irish_deserter|Disertore Gaelico
trp_irish_deserter_pl|Disertori Gaelici
trp_irish_prison_guard|Carcieriere
trp_irish_prison_guard_pl|Carcierieri
trp_irish_castle_guard|Guardia del Forte
trp_irish_castle_guard_pl|Guardie del Forte
trp_looter|Furfante
trp_looter_pl|Furfanti
trp_bandit|Predone
trp_bandit_pl|Predoni
trp_brigand|Brigante
trp_brigand_pl|Briganti
trp_mountain_bandit|Rapinatore
trp_mountain_bandit_pl|Ladri
trp_forest_bandit|Bandito Schermagliatore
trp_forest_bandit_pl|Banditi Schermagliatori
trp_sea_raider|Rapitore
trp_sea_raider_pl|Rapitori
trp_desert_bandit|Bandito
trp_desert_bandit_pl|Banditi
trp_steppe_bandit|Vikingo Normanno
trp_steppe_bandit_pl|Vikinghi Normanni
trp_taiga_bandit|Vikingo
trp_taiga_bandit_pl|Vikinghi
trp_elite_viking|Vikingo Danese d'Elite
trp_elite_viking_pl|Vikinghi Danesi d'Elite
trp_elite_viking_2|Vikingo Svedese d'Elite
trp_elite_viking_2_pl|Vikinki Svedesi d'Elite
trp_sea_raider_leader2|Capitano Della Nave
trp_sea_raider_leader2_pl|Capitani
trp_looter_leader2|Capo Bandito
trp_looter_leader2_pl|Capi Banditi
trp_manhunter|Giovane Guerriero
trp_manhunter_pl|Giovani Guerrieri
trp_slave_driver|Mercante di Schiavi
trp_slave_driver_pl|Mercanti di Schiavi
trp_slave_hunter|Cacciatore di Schiavi
trp_slave_hunter_pl|Cacciatori di Schiavi
trp_slave_crusher|Cacciatore di Schiavi Veterano
trp_slave_crusher_pl|Cacciatori di Schiavi Veterani
trp_slaver_chief|Capo Schiavista
trp_slaver_chief_pl|Capi Schiavisti
trp_follower_woman|Donna dell'accampamento
trp_follower_woman_pl|Donne dell'accampamento
trp_hunter_woman|Donna da Campo
trp_hunter_woman_pl|Donne da Campo
trp_fighter_woman|Moglie del Soldato
trp_fighter_woman_pl|Mogli dei Soldati
trp_sword_sister|Donna Guerriera
trp_sword_sister_pl|Donne Guerriere
trp_refugee|Rifugiata
trp_refugee_pl|Rifugiati
trp_peasant_woman|Contadina
trp_peasant_woman_pl|Contadine
trp_refugeeromanruins|Rifugiata
trp_refugeeromanruins_pl|Rifugiati
trp_peasant_womanromanruins|Contadina
trp_peasant_womanromanruins_pl|Contadine
trp_refugeedruid|Rifugiata
trp_refugeedruid_pl|Rifugiati
trp_peasant_womandruid|Contadina
trp_peasant_womandruid_pl|Contadine
trp_farmerdruid|Contadino
trp_farmerdruid_pl|Contadini
trp_manhunterdruid|Giovane Guerriero
trp_manhunterdruid_pl|Giovane Banda
trp_prisionerdruid|Prigioniero
trp_prisionerdruid_pl|Prigionieri
trp_quarry_trabajador|Lavoratore
trp_quarry_trabajador_pl|Lavoratori
trp_quarry_capataz|Caposquadra
trp_quarry_capataz_pl|Capisquadra
trp_saltmine_capataz|Caposquadra
trp_saltmine_capataz_pl|Capisquadra
trp_lumbercamp_capataz|Caposquadra del Campo di Legname
trp_lumbercamp_capataz_pl|Caposquadri del Campo di Legname
trp_farmstead_boss|Padrone della Fattoria
trp_farmstead_boss_pl|Padroni delle Fattorie
trp_bandit_lairmerchant|Capo Bandito
trp_bandit_lairmerchant_pl|Capo Bandito
trp_abad|Abate
trp_abad_pl|Abate
trp_monjes|Monaco
trp_monjes_pl|Monaci
trp_caravan_master|Carovaniere
trp_caravan_master_pl|Carovanieri
trp_kidnapped_girl|Fanciulla Rapita
trp_kidnapped_girl_pl|Fanciulle Rapite
trp_town_walker_1|Cittadino
trp_town_walker_1_pl|Cittadini
trp_town_walker_2|Cittadina
trp_town_walker_2_pl|Cittadine
trp_town_walker_3|Cittadino
trp_town_walker_3_pl|Cittadini
trp_town_walker_4|Cittadina
trp_town_walker_4_pl|Cittadine
trp_town_walker_5|Cittadino
trp_town_walker_5_pl|Cittadini
trp_town_walker_6|Cittadina
trp_town_walker_6_pl|Cittadine
trp_town_walker_7|Cittadino
trp_town_walker_7_pl|Cittadini
trp_town_walker_8|Cittadina
trp_town_walker_8_pl|Cittadine
trp_nino_varon|Bambino
trp_nino_varon_pl|Bambini
trp_nina_chica|Bambino
trp_nina_chica_pl|Bambini
trp_monk_walker|Monaco
trp_monk_walker_pl|Monaci
trp_village_walker_1|Abitante
trp_village_walker_1_pl|Abitanti del villaggio
trp_village_walker_2|Abitante
trp_village_walker_2_pl|Abitanti del villaggio
trp_village_walker_3|Abitante
trp_village_walker_3_pl|Abitante
trp_village_walker_4|Abitante
trp_village_walker_4_pl|Abitante
trp_village_walker_5|Abitante
trp_village_walker_5_pl|Abitante
trp_village_walker_6|Abitante
trp_village_walker_6_pl|Abitante
trp_village_walker_7|Abitante
trp_village_walker_7_pl|Abitanti del villaggio
trp_village_walker_8|Abitante
trp_village_walker_8_pl|Abitante
trp_village_walker_1a|Abitante
trp_village_walker_1a_pl|Abitanti del villaggio
trp_village_walker_3a|Abitante
trp_village_walker_3a_pl|Abitante
trp_village_walker_5a|Abitante
trp_village_walker_5a_pl|Abitante
trp_spy_walker_1|Cittadino
trp_spy_walker_1_pl|Cittadini
trp_spy_walker_2|Cittadina
trp_spy_walker_2_pl|Cittadine
trp_tournament_master|Mastro dei Tornei
trp_tournament_master_pl|Mastro dei Tornei
trp_trainer|Addestratori
trp_trainer_pl|Addestratori
trp_constable_hareck|Hareck il conestabile
trp_constable_hareck_pl|Hareck il conestabile
trp_ramun_the_slave_trader|Aethelmaer, lo Schiavista
trp_ramun_the_slave_trader_pl|Aethelmaer, lo Schiavista
trp_guide|Ulric
trp_guide_pl|Ulric
trp_xerina|Anchoret il Pitto
trp_xerina_pl|Anchoret
trp_dranton|Niall il Britanno
trp_dranton_pl|Niall
trp_kradus|Uthred il Sassone
trp_kradus_pl|Kradus
trp_tutorial_trainer|Mastri Addestratori
trp_tutorial_trainer_pl|Mastri Addestratori
trp_galeas|Balin
trp_galeas_pl|Balin
trp_farmer_from_bandit_village|Contadino
trp_farmer_from_bandit_village_pl|Contadini
trp_trainer_2|Harald
trp_trainer_2_pl|Addestratori
trp_trainer_1|Veterano
trp_trainer_1_pl|Veterano
trp_trainer_3|Addestratori
trp_trainer_3_pl|Addestratori
trp_trainer_4|Addestratori
trp_trainer_4_pl|Addestratori
trp_trainer_5|Addestratori
trp_trainer_5_pl|Addestratori
trp_ransom_broker_1|Riscattatore
trp_ransom_broker_1_pl|Mercante di Schiavi
trp_ransom_broker_2|Riscattatore
trp_ransom_broker_2_pl|Mercante di Schiavi
trp_ransom_broker_3|Riscattatore
trp_ransom_broker_3_pl|Mercante di Schiavi
trp_ransom_broker_4|Riscattatore
trp_ransom_broker_4_pl|Mercante di Schiavi
trp_ransom_broker_5|Riscattatore
trp_ransom_broker_5_pl|Mercante di Schiavi
trp_ransom_broker_6|Riscattatore
trp_ransom_broker_6_pl|Mercante di Schiavi
trp_ransom_broker_7|Riscattatore
trp_ransom_broker_7_pl|Mercante di Schiavi
trp_ransom_broker_8|Riscattatore
trp_ransom_broker_8_pl|Mercante di Schiavi
trp_ransom_broker_9|Riscattatore
trp_ransom_broker_9_pl|Mercante di Schiavi
trp_ransom_broker_10|Riscattatore
trp_ransom_broker_10_pl|Mercante di Schiavi
trp_ransom_broker_20|Riscattatore
trp_ransom_broker_20_pl|Mercante di Schiavi
trp_tavern_traveler_1|Viaggiatori
trp_tavern_traveler_1_pl|Viaggiatori
trp_tavern_traveler_2|Viaggiatori
trp_tavern_traveler_2_pl|Viaggiatori
trp_tavern_traveler_3|Viaggiatori
trp_tavern_traveler_3_pl|Viaggiatori
trp_tavern_traveler_4|Viaggiatori
trp_tavern_traveler_4_pl|Viaggiatori
trp_tavern_traveler_5|Viaggiatori
trp_tavern_traveler_5_pl|Viaggiatori
trp_tavern_traveler_6|Viaggiatori
trp_tavern_traveler_6_pl|Viaggiatori
trp_tavern_traveler_7|Viaggiatori
trp_tavern_traveler_7_pl|Viaggiatori
trp_tavern_traveler_8|Viaggiatori
trp_tavern_traveler_8_pl|Viaggiatori
trp_tavern_traveler_9|Viaggiatori
trp_tavern_traveler_9_pl|Viaggiatori
trp_tavern_traveler_10|Viaggiatori
trp_tavern_traveler_10_pl|Viaggiatori
trp_tavern_bookseller_1|Mercanti di Libri
trp_tavern_bookseller_1_pl|Mercanti di Libri
trp_tavern_bookseller_2|Mercanti di Libri
trp_tavern_bookseller_2_pl|Mercanti di Libri
trp_tavern_minstrel_1|Skald, Menestrello Itinerante
trp_tavern_minstrel_1_pl|Trovatori Itineranti
trp_tavern_minstrel_2|Bardo Itinerante
trp_tavern_minstrel_2_pl|Trovatori Itineranti
trp_tavern_minstrel_3|Bardo Itinerante
trp_tavern_minstrel_3_pl|Trovatori Itineranti
trp_tavern_minstrel_4|Bardo Itinerante
trp_tavern_minstrel_4_pl|Trovatori Itineranti
trp_tavern_minstrel_5|Bardo Itinerante
trp_tavern_minstrel_5_pl|Trovatori Itineranti
trp_quastuosa_1|Vedova Felice
trp_quastuosa_1_pl|quastuosa
trp_quastuosa_2|Vedova Felice
trp_quastuosa_2_pl|quastuosa
trp_quastuosa_3|Vedova Felice
trp_quastuosa_3_pl|quastuosa
trp_quastuosa_4|Vedova Felice
trp_quastuosa_4_pl|quastuosa
trp_quastuosa_5|Vedova Felice
trp_quastuosa_5_pl|quastuosa
trp_quastuosa_6|Vedova Felice
trp_quastuosa_6_pl|quastuosa
trp_quastuosa_7|Vedova Felice
trp_quastuosa_7_pl|quastuosa
trp_quastuosa_end|Vedova Felice
trp_quastuosa_end_pl|quastuosa
trp_bardo_1|Scaldo Reale
trp_bardo_1_pl|Scaldo
trp_bardo_2|Scaldo Reale
trp_bardo_2_pl|Scaldo
trp_bardo_3|Scaldo Reale
trp_bardo_3_pl|Scaldo
trp_bardo_4|Scaldo Reale
trp_bardo_4_pl|Scaldo
trp_bardo_5|Bardo Reale
trp_bardo_5_pl|Owain
trp_bardo_6|Bardo Reale
trp_bardo_6_pl|Bardo
trp_bardo_7|Bardo Reale
trp_bardo_7_pl|Bardo
trp_bardo_8|Scaldo Reale
trp_bardo_8_pl|Scaldo
trp_bardo_9|Bardo Reale
trp_bardo_9_pl|Bardo
trp_bardo_10|Bardo Reale
trp_bardo_10_pl|Bardo
trp_bardo_11|Bardo Reale
trp_bardo_11_pl|Bardo
trp_bardo_12|Bardo Reale
trp_bardo_12_pl|Bardo
trp_bardo_13|Bardo Reale
trp_bardo_13_pl|Bardo
trp_bardo_14|Bardo Reale
trp_bardo_14_pl|Bardo
trp_bardo_15|Bardo Reale
trp_bardo_15_pl|Bardo
trp_bardo_16|Bardo Reale
trp_bardo_16_pl|Bardo
trp_bardo_17|Bardo Reale
trp_bardo_17_pl|Bardo
trp_bardo_18|Bardo Reale
trp_bardo_18_pl|Bardo
trp_bardo_19|Bardo Reale
trp_bardo_19_pl|Bardo
trp_bardo_20|Bardo Reale
trp_bardo_20_pl|Bardo
trp_bardo_21|Bardo Reale
trp_bardo_21_pl|Bardo
trp_sacerdote_1|Vescovo Cristiano
trp_sacerdote_1_pl|Vescovo Cristiano
trp_sacerdote_2|Vescovo Ealhheard
trp_sacerdote_2_pl|sacerdote
trp_paganop_1|Gothi
trp_paganop_1_pl|Gothar
trp_priest_end|Sacerdote di Entrambi le Religioni Terminate
trp_priest_end_pl|sacerdote
trp_especiales_1|Eremita Derfel Gadarn
trp_especiales_1_pl|specialista
trp_kingdom_heroes_including_player_begin|kingdom heroes including player begin
trp_kingdom_heroes_including_player_begin_pl|kingdom heroes including player begin
trp_npc1|Caio
trp_npc1_pl|Caio
trp_npc2|Egil
trp_npc2_pl|Egil
trp_npc3|Brunilde
trp_npc3_pl|Brunilde
trp_npc4|Donnchadh
trp_npc4_pl|Donnchadh
trp_npc5|Morgant
trp_npc5_pl|Morgant
trp_npc6|Bodo
trp_npc6_pl|Bodo
trp_npc7|Dwywei
trp_npc7_pl|Dwywei
trp_npc8|Reginhard
trp_npc8_pl|Reginhard
trp_npc9|Clovis
trp_npc9_pl|Clovis
trp_npc10|Ceawlin
trp_npc10_pl|Ceawlin
trp_npc11|Solveig
trp_npc11_pl|Solveig
trp_npc12|Asbjorn
trp_npc12_pl|Asbjorn
trp_npc13|Helgi
trp_npc13_pl|Helgi
trp_npc14|Alichu
trp_npc14_pl|Alichu
trp_npc15|Agathinos
trp_npc15_pl|Agathinos
trp_npc16|Beda
trp_npc16_pl|Beda
trp_kingdom_1_lord|Konungr Horik Gottfredsson
trp_kingdom_1_lord_pl|Horik Gottfredsson
trp_kingdom_2_lord|Konungr Harald Halfdanarson
trp_kingdom_2_lord_pl|Harald Halfdanarson
trp_kingdom_3_lord|Konungr Gudrod Ragnarson
trp_kingdom_3_lord_pl|Gudrod Ragnarson
trp_kingdom_4_lord|Konungr Hrorek Hemmingsson
trp_kingdom_4_lord_pl|Hrorek Hemmingsson
trp_kingdom_5_lord|Brytenwalda Aethelred Aethelwulfing
trp_kingdom_5_lord_pl|Aethelred Aethelwulfing
trp_kingdom_6_lord|Cyning Eadmund Aethelberhting
trp_kingdom_6_lord_pl|Eadmund Aethelberhting
trp_kingdom_7_lord|Cyning Brugred Beorhtwulfing
trp_kingdom_7_lord_pl|Brugred Beorhtwulfing
trp_kingdom_8_lord|Jarl Halfdan Ragnarsson
trp_kingdom_8_lord_pl|Halfdan Ragnarsson
trp_kingdom_9_lord|Ri Rhodri map Merfyn
trp_kingdom_9_lord_pl|Rhodri map Merfyn
trp_kingdom_10_lord|Ri Elisedd map Tewd
trp_kingdom_10_lord_pl|Elisedd map Tewdr
trp_kingdom_11_lord|Ri Arthgal map Dumnagual
trp_kingdom_11_lord_pl|Arthgal map Dumnagual
trp_kingdom_12_lord|Ri Dunyart map Eferferdyn
trp_kingdom_12_lord_pl|Dunyart map Eferferdyn
trp_kingdom_13_lord|Ri Hywel map Rhys
trp_kingdom_13_lord_pl|Hywel map Rhys
trp_kingdom_14_lord|Ruire Lethlobar mac Loingsig
trp_kingdom_14_lord_pl|Lethlobar mac Loingsig
trp_kingdom_15_lord|Ruire Dunlaing mac Muiredaig
trp_kingdom_15_lord_pl|Dunlaing mac Muiredaig
trp_kingdom_16_lord|Ruire Cenn Faelad hua Mugthigirn
trp_kingdom_16_lord_pl|Cenn Faelad hua Mugthigirn
trp_kingdom_17_lord|Ruire Mugron mac Cothaid
trp_kingdom_17_lord_pl|Mugron mac Cothaid
trp_kingdom_18_lord|Ard Ruire Aed mac Niall
trp_kingdom_18_lord_pl|Aed mac Niall
trp_kingdom_19_lord|Ruire Donnchad mac Eochocai
trp_kingdom_19_lord_pl|Donnchad mac Eochocai
trp_kingdom_20_lord|Ruire Causantin mac Cinaeda
trp_kingdom_20_lord_pl|Causantin mac Cinaeda
trp_kingdom_21_lord|Ruire Cerball mac Dunlainge
trp_kingdom_21_lord_pl|Cerball mac Dunlainge
trp_knight_1_1|Jarl Sigifrid Angantyrsson
trp_knight_1_1_pl|Sigifrid Angantyrsson
trp_knight_1_2|Jarl Bagsecg
trp_knight_1_2_pl|Bagsecg
trp_knight_1_3|Jarl Halfdan Angantyrsson
trp_knight_1_3_pl|Halfdan Angantyrsson
trp_knight_1_4|Hersir Guthrum
trp_knight_1_4_pl|Guthrum
trp_knight_1_5|Jarl Sigurd Ragnarsson
trp_knight_1_5_pl|Sigurd Ragnarsson
trp_knight_1_6|Hersir Helgi Hvassi
trp_knight_1_6_pl|Helgi Hvassi
trp_knight_2_1|Jarl Guthorm Haraldrsson
trp_knight_2_1_pl|Guthorm Haraldrsson
trp_knight_2_2|Konungr Eirik
trp_knight_2_2_pl|Eirik
trp_knight_2_3|Jarl Kjotvi Hinn Audgi
trp_knight_2_3_pl|Kjotvi Hinn Audgi
trp_knight_2_4|Hersir Ketill Bjornsson
trp_knight_2_4_pl|Ketill Bjornsson
trp_knight_2_5|Hersir Bjorn Ketilsson
trp_knight_2_5_pl|Bjorn Ketilsson
trp_knight_3_1|Jarl Olaf Gudrodrsson
trp_knight_3_1_pl|Olaf Gudrodrsson
trp_knight_3_2|Jarl Ivar Gudrodrsson
trp_knight_3_2_pl|Ivarr Gudrodrsson
trp_knight_3_3|Jarl Asl Gudrodrsson
trp_knight_3_3_pl|Asl Gudrodrsson
trp_knight_3_4|Jarl Orkan
trp_knight_3_4_pl|Orkan
trp_knight_3_5|Jarl Helgi Ketilsson
trp_knight_3_5_pl|Helgi Ketilsson
trp_knight_3_6|Hersir Eystein Olafsson
trp_knight_3_6_pl|Eystein Olafsson
trp_knight_3_7|Hersir Sygtrygg Ivarrsson
trp_knight_3_7_pl|Sygtrygg Ivarrsson
trp_knight_3_8|Hersir Thorstein Olafsson
trp_knight_3_8_pl|Thorstein Olafsson
trp_knight_4_1|Jarl Harald Hemmingsson
trp_knight_4_1_pl|Haraldr Hemmingsson
trp_knight_4_2|Jarl Gotrik Haraldsson
trp_knight_4_2_pl|Gotrik Haraldsson
trp_knight_4_3|Jarl Hrodulf Haraldsson
trp_knight_4_3_pl|Hrodulfr Haraldsson
trp_knight_5_1|Aetheling Aelfred Aethelwulfing
trp_knight_5_1_pl|Aelfred Aethelwulfing
trp_knight_5_2|Ealdorman Aethelmod
trp_knight_5_2_pl|Aethelmod
trp_knight_5_3|Ealdorman Wulfhere
trp_knight_5_3_pl|Wulfhere
trp_knight_5_4|Ealdorman Aelfstan
trp_knight_5_4_pl|Aelfstan
trp_knight_5_5|Ealdorman Cuthred
trp_knight_5_5_pl|Cuthred
trp_knight_5_6|Ealdorman Bucca
trp_knight_5_6_pl|Bucca
trp_knight_5_7|Ealdorman Wulfred
trp_knight_5_7_pl|Wulfred
trp_knight_5_8|Ealdorman Wigstan
trp_knight_5_8_pl|Wigstan
trp_knight_5_9|Ealdorman Sigeberht Sigewulfing
trp_knight_5_9_pl|Sigeberht Sigewulfing
trp_knight_5_10|Ealdorman Garulf
trp_knight_5_10_pl|Garulf
trp_knight_5_11|Dryhten Drihtwald
trp_knight_5_11_pl|Drihtwald
trp_knight_6_1|Ealdorman Oswald
trp_knight_6_1_pl|Oswald
trp_knight_6_2|Ealdorman Aethelred
trp_knight_6_2_pl|Aethelred
trp_knight_6_3|Ealdorman Ealhhere
trp_knight_6_3_pl|Ealhhere
; trp_knight_6_4|Dryhten Eanfrith
trp_knight_6_4_pl|Eanfrith
; trp_knight_6_5|Dryhten Ecgwald
trp_knight_6_5_pl|Ecgwald
trp_knight_7_1|Ealdorman Ceowulf Ceowulfing
trp_knight_7_1_pl|Ceowulf Ceowulfing
trp_knight_7_2|Ealdorman Hereberht
trp_knight_7_2_pl|Hereberht
trp_knight_7_3|Ealdorman Aethelred
trp_knight_7_3_pl|Aethelred
trp_knight_7_4|Ealdorman Aethelred Mucel
trp_knight_7_4_pl|Aethelred Mucel
trp_knight_7_5|Ealdorman Aelfgar
trp_knight_7_5_pl|Aelfgar
trp_knight_7_6|Ealdorman Aethulf
trp_knight_7_6_pl|Aethulf
trp_knight_7_7|Ealdorman Beornoth
trp_knight_7_7_pl|Beornoth
trp_knight_7_8|Ealdorman Sigberth
trp_knight_7_8_pl|Sigberth
trp_knight_7_9|Dryhten Aethelwulf Aethelreding
trp_knight_7_9_pl|Aethelwulf Aethelreding
trp_knight_8_1|Cyning Egbert
trp_knight_8_1_pl|Egbert
trp_knight_8_2|Jarl Rathbarth Ragnarsson
trp_knight_8_2_pl|Rathbarth Ragnarsson
trp_knight_8_3|Ealdorman Ealdred
trp_knight_8_3_pl|Ealdred
trp_knight_8_4|Jarl Sidroc L'anziano
trp_knight_8_4_pl|Sidroc L'anziano
trp_knight_8_5|Ealdorman Ricsige
trp_knight_8_5_pl|Ricsige
trp_knight_8_6|Ealdorman Egbert il Secondo
trp_knight_8_6_pl|Egbert il Secondo
trp_knight_8_7|Jarl Bjorn Ragnarsson
trp_knight_8_7_pl|Bjorn Jarnsida
trp_knight_8_8|Hersir Guthred Knutr
trp_knight_8_8_pl|Guthred Knutr
trp_knight_8_9|Hersir Rognvald
trp_knight_8_9_pl|Rognvald
trp_knight_8_10|Hersir Harald
trp_knight_8_10_pl|Harald
trp_knight_8_11|Hersir Sidroc il Giovane
trp_knight_8_11_pl|Sidroc il Giovane
trp_knight_8_12|Hersir Fraena
trp_knight_8_12_pl|Fraena
trp_knight_8_13|Jarl Ivarr Inn Beinlaussi
trp_knight_8_13_pl|Ivarr Inn Beinlaussi
trp_knight_8_14|Jarl Hubbi Ragnarsson
trp_knight_8_14_pl|Hubbi Ragnarsson
trp_knight_8_15|Konungr Bagsecg
trp_knight_8_15_pl|Bagsecg
trp_knight_9_1|Mael Anarawd map Rhodri
trp_knight_9_1_pl|Anarawd map Rhodri
trp_knight_9_2|Mael Cadell map Rhodri
trp_knight_9_2_pl|Cadell map Rhodri
trp_knight_9_3|Mael Merfyn map Rhodri
trp_knight_9_3_pl|Merfyn map Rhodri
trp_knight_9_4|Ri Gwgon map Meurig
trp_knight_9_4_pl|Gwgon map Meurig
trp_knight_9_5|Guledic Gwriad map Merfyn
trp_knight_9_5_pl|Gwriad map Merfyn
trp_knight_9_6|Mael Tudwal map Rhodri
trp_knight_9_6_pl|Tudwal map Rhodri
trp_knight_9_7|Guledic Hyfaidd map Bleddri
trp_knight_9_7_pl|Hyfaidd map Bleddri
trp_knight_9_8|Tiern Owain map Hywel
trp_knight_9_8_pl|Owain map Hywel
trp_knight_9_9|Tiern Llofan map Cilmin Broetu
trp_knight_9_9_pl|Llofan map Cilmin Broetu
trp_knight_10_1|Mael Guledic
trp_knight_10_1_pl|Guledic
trp_knight_11_1|Mael Rhun map Arthgal
trp_knight_11_1_pl|Rhun map Arthgal
trp_knight_11_2|Mael Echou map Rhun
trp_knight_11_2_pl|Echou map Rhun
trp_knight_11_3|Guledic Dyfnwal map Rhun
trp_knight_11_3_pl|Dyfnwal map Rhun
trp_knight_11_4|Guledic Giric Map Rath
trp_knight_11_4_pl|Giric map Rath
; trp_knight_11_5|Mael Cynon map Cyndrwyn
trp_knight_11_5_pl|Cynon map Cyndrwyn
; trp_knight_11_6|Mael Gwion map Cyndrwyn
trp_knight_11_6_pl|Gwion map Cyndrwyn
; trp_knight_11_7|Mael Madoc map Cadell
trp_knight_11_7_pl|Madoc map Cadell
; trp_knight_11_8|Mael Caradoc map Riwall
trp_knight_11_8_pl|Caradoc map Riwall
trp_knight_12_1|Guledic Eliud map Eferferdyn
trp_knight_12_1_pl|Eliud map Eferferdyn
trp_knight_12_2|Guledic Alanorus map Eliud
trp_knight_12_2_pl|Alanorus map Eliud
trp_knight_12_3|Mael Ricatus map Dunyart
trp_knight_12_3_pl|Ricatus map Dunyart
trp_knight_13_1|Guledic Meurig map Arthfael
trp_knight_13_1_pl|Meurig map Arthfael
trp_knight_13_2|Mael Owain map Hywel
trp_knight_13_2_pl|Owain map Hywel
trp_knight_13_3|Tiern Brochwael map Meurig
trp_knight_13_3_pl|Brochwael map Meurig
trp_knight_14_1|Mael Cathalan mac Indrechtaig
trp_knight_14_1_pl|Cathalan mac Indrechtaig
trp_knight_14_2|Mael Conallan mac Duin
trp_knight_14_2_pl|Conallan mac Duin
trp_knight_14_3|Ard Tiarna Mocheirge mac Indrechtaig
trp_knight_14_3_pl|Mocheirge mac Indrechtaig
trp_knight_14_4|Tiarna Ainbith mac Aedo
trp_knight_14_4_pl|Ainbith mac Aedo
trp_knight_14_5|Tiarna Cummascach mac Cathalan
trp_knight_14_5_pl|Cummascach mac Cathalan
trp_knight_15_1|Ard Tiarna Ailill mac Dunlainge
trp_knight_15_1_pl|Ailill mac Dunlainge
trp_knight_15_2|Ard Tiarna Cairpre mac Dunlainge
trp_knight_15_2_pl|Cairpre mac Dunlainge
trp_knight_15_3|Tiarna Muiredach mac Brain
trp_knight_15_3_pl|Muiredach mac Brain
trp_knight_15_4|Tiarna Domnall mac Muirecain
trp_knight_15_4_pl|Domnall mac Muirecain
trp_knight_15_5|Tiarna Cerball mac Muirecain
trp_knight_15_5_pl|Cerball mac Muirecain
trp_knight_15_6|Tiarna Augaire mac Ailella
trp_knight_15_6_pl|Augaire mac Ailella
trp_knight_16_1|Ard Tiarna Dunchad mac Dub da Bairenn
trp_knight_16_1_pl|Dunchad mac Dub da Bairenn
trp_knight_16_2|Ard Tiarna Dub Lachtnai mac Gualu
trp_knight_16_2_pl|Dub Lachtnai mac Gualu
trp_knight_16_3|Tiarna Foghartach mac Suibhne
trp_knight_16_3_pl|Foghartach mac Suibhne
trp_knight_16_4|Tiarna Longbortan mac Finnachta
trp_knight_16_4_pl|Longbortan mac Finnachta
trp_knight_16_5|Tiarna Reachtabhra macBran Finn
trp_knight_16_5_pl|Reachtabhra macBran Finn
trp_knight_16_6|Tiarna Colman mac Cionaith
trp_knight_16_6_pl|Colman mac Cionaith
trp_knight_17_1|Mael Conchobar mac Taidg Mor
trp_knight_17_1_pl|Conchobar mac Taidg Mor
trp_knight_17_2|Tiarna Aedh mac Conchobar
trp_knight_17_2_pl|Aedh mac Conchobar
trp_knight_17_3|Tiarna Tadg mac Conchobar
trp_knight_17_3_pl|Tadg mac Conchobar
trp_knight_17_4|Tiarna Finshnechta mac Corcrai
trp_knight_17_4_pl|Finshnechta mac Corcrai
trp_knight_17_5|Tiarna Dobhailen mac Gormghus
trp_knight_17_5_pl|Dobhailen mac Gormghus
trp_knight_17_6|Tiarna Cathal mac Conchobar
trp_knight_17_6_pl|Cathal mac Conchobar
trp_knight_18_1|Mael Domnall mac Aeda
trp_knight_18_1_pl|Domnall mac Aeda
trp_knight_18_2|Mael Dabaill
trp_knight_18_2_pl|Dabaill
trp_knight_18_3|Mael Dub mac Aeda
trp_knight_18_3_pl|Dub mac Aeda
trp_knight_18_4|Ruire Congalach mac Finnachta
trp_knight_18_4_pl|Congalach mac Finnachta
trp_knight_18_5|Tiarna Cummascach mac Muiredaig
trp_knight_18_5_pl|Cummascach mac Muiredaig
trp_knight_18_6|Mael Padraig mac Curarada
trp_knight_18_6_pl|Padraig mac Curarada
trp_knight_18_7|Tiarna Laidhgnen mac Donnagain
trp_knight_18_7_pl|Laidhgnen mac Donnagain
trp_knight_19_1|Mael Sechnaill mac Niall
trp_knight_19_1_pl|Sechnaill mac Niall
trp_knight_19_2|Mael Diarmait mac Etersceili
trp_knight_19_2_pl|Diarmait mac Etersceili
trp_knight_19_3|Mael Flann Sinna mac Sechnaill
trp_knight_19_3_pl|Flann Sinna mac Sechnaill
trp_knight_19_4|Tiarna Flann mac Conaing
trp_knight_19_4_pl|Flann mac Conaing
trp_knight_19_5|Mael Conall mac Echach
trp_knight_19_5_pl|Conall mac Echach
trp_knight_20_1|Mael Domnall dasachtach mac Causantin
trp_knight_20_1_pl|Domnall dasachtach mac Causantin
trp_knight_20_2|Ard Tiarna Aed mac Cinaeda
trp_knight_20_2_pl|Aed mac Cinaeda
trp_knight_20_3|Tiarna Causantin mac Aeda
trp_knight_20_3_pl|Causantin mac Aeda
trp_knight_20_4|Tiarna Domhall mac Aeda
trp_knight_20_4_pl|Domhall mac Aeda
trp_knight_20_5|Mael Coluim mac Domnall
trp_knight_20_5_pl|Coluim mac Domnall
trp_knight_20_6|Domlech
trp_knight_20_6_pl|Domlech
trp_knight_20_7|Entifidach
trp_knight_20_7_pl|Entifidach
trp_knight_20_8|Lugthreni
trp_knight_20_8_pl|Lugthreni
trp_knight_21_1|Mael Diarmait mac Cerbaill
trp_knight_21_1_pl|Diarmait mac Cerbaill
trp_knight_21_2|Mael Cellach mac Cerbaill
trp_knight_21_2_pl|Cellach mac Cerbaill
trp_knight_21_3|Ard Tiarna Riacan mac Dunlainge
trp_knight_21_3_pl|Riacan mac Dunlainge
trp_kingdom_1_pretender|Jarl Thorgil
trp_kingdom_1_pretender_pl|Thorgil
trp_kingdom_2_pretender|Ard Tiarna Dungal
trp_kingdom_2_pretender_pl|Dungal
trp_kingdom_3_pretender|Aetheling Oswine
trp_kingdom_3_pretender_pl|Oswine
trp_kingdom_4_pretender|Aetheling Ceorl
trp_kingdom_4_pretender_pl|Ceorl
trp_kingdom_5_pretender|Tanist Bili
trp_kingdom_5_pretender_pl|Bili
trp_kingdom_6_pretender|Mael Elisedd ap Cyngen
trp_kingdom_6_pretender_pl|Elisedd ap Cyngen
trp_knight_1_1_wife|Error - knight 1 1 wife should not appear in game
trp_knight_1_1_wife_pl|knight 1 1 wife
trp_kingdom_1_lady_1|Aslaug
trp_kingdom_1_lady_1_pl|Oslafa
trp_kingdom_1_lady_2|Blaeja
trp_kingdom_1_lady_2_pl|Blaeja
trp_kingdom_1_lady_3|Ragnhild Ragnarsdottir
trp_kingdom_1_lady_3_pl|Ragnhild Ragnarsdottir
trp_kingdom_1_lady_4|Ingun
trp_kingdom_1_lady_4_pl|Ingun
trp_kingdom_2_lady_1|Gyda Eirikdottir
trp_kingdom_2_lady_1_pl|Gyda
trp_kingdom_2_lady_2|Yngvild
trp_kingdom_2_lady_2_pl|Yngvild
trp_kingdom_2_lady_3|Thorunn Ketilsdottir
trp_kingdom_2_lady_3_pl|Thorunn
trp_kingdom_2_lady_4|Hallbera
trp_kingdom_2_lady_4_pl|Hallbera
trp_kingdom_3_lady_1|Salbjorg
trp_kingdom_3_lady_1_pl|Salbjorg
trp_kingdom_3_lady_2|Bera
trp_kingdom_3_lady_2_pl|Bera
trp_kingdom_3_lady_3|Grunnhild
trp_kingdom_3_lady_3_pl|Grunnhild
trp_kingdom_3_lady_4|Asgerd
trp_kingdom_3_lady_4_pl|Asgerd
trp_kingdom_4_lady_1|Helga
trp_kingdom_4_lady_1_pl|Helga
trp_kingdom_4_lady_2|Asfrid
trp_kingdom_4_lady_2_pl|Asfrid
trp_kingdom_4_lady_3|Ingibjorg
trp_kingdom_4_lady_3_pl|Ingibjorg
trp_kingdom_4_lady_4|Sacun
trp_kingdom_4_lady_4_pl|Sacun
trp_kingdom_5_lady_1|Osburh
trp_kingdom_5_lady_1_pl|Osburh
trp_kingdom_5_lady_2|Wulfthryth
trp_kingdom_5_lady_2_pl|Wulfthryth
trp_kingdom_5_lady_3|Ealswith
trp_kingdom_5_lady_3_pl|Ealswith
trp_kingdom_5_lady_4|Aelswith
trp_kingdom_5_lady_4_pl|Aelswith
trp_kingdom_5_lady_5|Aelflaed
trp_kingdom_5_lady_5_pl|Aelflaed
trp_kingdom_5_lady_6|Eormengyth
trp_kingdom_5_lady_6_pl|Eormengyth
trp_kingdom_5_lady_7|Aelfwynne
trp_kingdom_5_lady_7_pl|Aelfwynne
trp_kingdom_6_lady_1|Edith
trp_kingdom_6_lady_1_pl|Edith
trp_kingdom_6_lady_2|Edburge
trp_kingdom_6_lady_2_pl|Edburge
trp_kingdom_6_lady_3|Adelburga
trp_kingdom_6_lady_3_pl|Adelburga
trp_kingdom_6_lady_4|Hild
trp_kingdom_6_lady_4_pl|Hild
trp_kingdom_7_lady_1|Aethelswith
trp_kingdom_7_lady_1_pl|Aethelswith
trp_kingdom_7_lady_2|Eadburh
trp_kingdom_7_lady_2_pl|Eadburh
trp_kingdom_7_lady_3|Aedgyth
trp_kingdom_7_lady_3_pl|Aedgyth
trp_kingdom_7_lady_4|Cyneswith
trp_kingdom_7_lady_4_pl|Cyneswith
trp_kingdom_7_lady_5|Alwith
trp_kingdom_7_lady_5_pl|Alwith
trp_kingdom_7_lady_6|Aedelfled
trp_kingdom_7_lady_6_pl|Aedelfled
trp_kingdom_7_lady_7|Aepelhilde
trp_kingdom_7_lady_7_pl|Aepelhilde
trp_kingdom_7_lady_8|Aepelswip
trp_kingdom_7_lady_8_pl|Aepelswip
trp_kingdom_7_lady_9|Aette
trp_kingdom_7_lady_9_pl|Aette
trp_kingdom_8_lady_1|Alof Ragnarsdottir
trp_kingdom_8_lady_1_pl|Alof
trp_kingdom_8_lady_2|Eanflaed
trp_kingdom_8_lady_2_pl|Eanflaed
trp_kingdom_8_lady_3|Freydis
trp_kingdom_8_lady_3_pl|Freydis
trp_kingdom_8_lady_4|Gudrun
trp_kingdom_8_lady_4_pl|Gudrun
trp_kingdom_8_lady_5|Sigrid
trp_kingdom_8_lady_5_pl|Sigrid
trp_kingdom_8_lady_6|Svanhild
trp_kingdom_8_lady_6_pl|Svanhild
trp_kingdom_8_lady_7|Sigrunn
trp_kingdom_8_lady_7_pl|Sigrunn
trp_kingdom_8_lady_8|Turid
trp_kingdom_8_lady_8_pl|Turid
trp_kingdom_8_lady_9|Aebbe
trp_kingdom_8_lady_9_pl|Aebbe
trp_kingdom_9_lady_1|Angharad verch Meurig
trp_kingdom_9_lady_1_pl|Angharad
trp_kingdom_9_lady_2|Elen verch Rhodri
trp_kingdom_9_lady_2_pl|Elen
trp_kingdom_9_lady_3|Creirwy
trp_kingdom_9_lady_3_pl|Creirwy
trp_kingdom_9_lady_4|Nest verch Rhodri
trp_kingdom_9_lady_4_pl|Nest
trp_kingdom_9_lady_5|Lleigy
trp_kingdom_9_lady_5_pl|Lleigy
trp_kingdom_9_lady_6|Anna
trp_kingdom_9_lady_6_pl|Anna
trp_kingdom_10_lady_1|Marwenna
trp_kingdom_10_lady_1_pl|Marwenna
trp_kingdom_10_lady_2|Gwenonwy
trp_kingdom_10_lady_2_pl|Gwenonwy
trp_kingdom_10_lady_3|Gweneddlon
trp_kingdom_10_lady_3_pl|Gweneddlon
trp_kingdom_11_lady_1|Verh Cinaed
trp_kingdom_11_lady_1_pl|Verh Cinaed
trp_kingdom_11_lady_2|Brifael
trp_kingdom_11_lady_2_pl|Brifael
trp_kingdom_11_lady_3|Ceindrych
trp_kingdom_11_lady_3_pl|Ceindrych
trp_kingdom_11_lady_4|Morgawse
trp_kingdom_11_lady_4_pl|Morgawse
trp_kingdom_12_lady_1|Meisyr
trp_kingdom_12_lady_1_pl|Meisyr
trp_kingdom_12_lady_2|Heledd
trp_kingdom_12_lady_2_pl|Heledd
trp_kingdom_12_lady_3|Ffever
trp_kingdom_12_lady_3_pl|Ffever
trp_kingdom_12_lady_4|Medlan
trp_kingdom_12_lady_4_pl|Medlan
trp_kingdom_13_lady_1|Rhiain Ceinfrid
trp_kingdom_13_lady_1_pl|Ceinfrid
trp_kingdom_13_lady_2|Meddwyl
trp_kingdom_13_lady_2_pl|Meddwyl
trp_kingdom_13_lady_3|Gwladus
trp_kingdom_13_lady_3_pl|Gwladus
trp_kingdom_14_lady_1|Muireann
trp_kingdom_14_lady_1_pl|Muireann
trp_kingdom_14_lady_2|Medb
trp_kingdom_14_lady_2_pl|Medb
trp_kingdom_14_lady_3|Creide
trp_kingdom_14_lady_3_pl|Creide
trp_kingdom_14_lady_4|Derbforgaill
trp_kingdom_14_lady_4_pl|Derbforgaill
trp_kingdom_15_lady_1|Mhari
trp_kingdom_15_lady_1_pl|Mhari
trp_kingdom_15_lady_2|Mall
trp_kingdom_15_lady_2_pl|Mall
trp_kingdom_15_lady_3|Teglaig
trp_kingdom_15_lady_3_pl|Teglaig
trp_kingdom_15_lady_4|Lassa
trp_kingdom_15_lady_4_pl|Lassa
trp_kingdom_16_lady_1|Cath
trp_kingdom_16_lady_1_pl|Cath
trp_kingdom_16_lady_2|Lassair
trp_kingdom_16_lady_2_pl|Lassair
trp_kingdom_16_lady_3|Duinseach
trp_kingdom_16_lady_3_pl|Duinseach
trp_kingdom_16_lady_4|Eva
trp_kingdom_16_lady_4_pl|Eva
trp_kingdom_16_lady_5|Doirend
trp_kingdom_16_lady_5_pl|Doirend
trp_kingdom_16_lady_6|Delbchaem
trp_kingdom_16_lady_6_pl|Delbchaem
trp_kingdom_17_lady_1|Caelfind
trp_kingdom_17_lady_1_pl|Caelfind
trp_kingdom_17_lady_2|Briana
trp_kingdom_17_lady_2_pl|Briana
trp_kingdom_17_lady_3|Binne
trp_kingdom_17_lady_3_pl|Binne
trp_kingdom_17_lady_4|Aoibheann
trp_kingdom_17_lady_4_pl|Aoibheann
trp_kingdom_17_lady_5|Aodhnait
trp_kingdom_17_lady_5_pl|Aodhnait
trp_kingdom_17_lady_6|Almu
trp_kingdom_17_lady_6_pl|Almu
trp_kingdom_18_lady_1|Fedelm
trp_kingdom_18_lady_1_pl|Fedelm
trp_kingdom_18_lady_2|Uaisle
trp_kingdom_18_lady_2_pl|Uaisle
trp_kingdom_18_lady_3|Condadil
trp_kingdom_18_lady_3_pl|Condadil
trp_kingdom_18_lady_4|Flannesda
trp_kingdom_18_lady_4_pl|Flannesda
trp_kingdom_18_lady_5|Mor
trp_kingdom_18_lady_5_pl|Mor
trp_kingdom_18_lady_6|Aine
trp_kingdom_18_lady_6_pl|Aine
trp_kingdom_19_lady_1|Muire ingen Cinaeda
trp_kingdom_19_lady_1_pl|Muire
trp_kingdom_19_lady_2|Gormlaith
trp_kingdom_19_lady_2_pl|Gormlaith
trp_kingdom_19_lady_3|Eithne
trp_kingdom_19_lady_3_pl|Eithne
trp_kingdom_19_lady_4|Lann
trp_kingdom_19_lady_4_pl|Lann
trp_kingdom_19_lady_5|Etain
trp_kingdom_19_lady_5_pl|Etain
trp_kingdom_20_lady_1|Coluim
trp_kingdom_20_lady_1_pl|Coluim
trp_kingdom_20_lady_2|Sabhdh Ingen Giric
trp_kingdom_20_lady_2_pl|Sabhdh Ingen Giric
trp_kingdom_20_lady_3|Ingen Brude
trp_kingdom_20_lady_3_pl|Ingen Brude
trp_kingdom_20_lady_4|Ingen Domlech
trp_kingdom_20_lady_4_pl|Ingen Domlech
trp_kingdom_20_lady_5|Ingen Gwydd
trp_kingdom_20_lady_5_pl|Ingen Gwydd
trp_kingdom_20_lady_6|Bridei
trp_kingdom_20_lady_6_pl|Bridei
trp_kingdom_20_lady_7|Muire
trp_kingdom_20_lady_7_pl|Muire
trp_kingdom_21_lady_1|Aideen
trp_kingdom_21_lady_1_pl|Aideen
trp_kingdom_21_lady_2|Ethna
trp_kingdom_21_lady_2_pl|Ethna
trp_town_1_seneschal|Cronista Norreno
trp_town_1_seneschal_pl|Cronista
trp_town_2_seneschal|Cronista Britanno
trp_town_2_seneschal_pl|Cronista
trp_town_3_seneschal|Cronista Gaelico
trp_town_3_seneschal_pl|Cronista
trp_town_4_seneschal|Cronista Anglo
trp_town_4_seneschal_pl|Cronista
trp_town_25_seneschal|Mael Bresail
trp_castle_1_seneschal|Siniscalco del Forte
trp_castle_2_seneschal|Siniscalco del Forte
trp_castle_3_seneschal|Siniscalco del Forte
trp_castle_4_seneschal|Siniscalco del Forte
trp_castle_5_seneschal|Siniscalco del Forte
trp_castle_6_seneschal|Siniscalco del Forte
trp_castle_7_seneschal|Siniscalco del Forte
trp_castle_8_seneschal|Siniscalco del Forte
trp_castle_9_seneschal|Siniscalco del Forte
trp_castle_10_seneschal|Siniscalco del Forte
trp_castle_11_seneschal|Siniscalco del Forte
trp_castle_12_seneschal|Siniscalco del Forte
trp_castle_13_seneschal|Siniscalco del Forte
trp_castle_14_seneschal|Siniscalco del Forte
trp_castle_15_seneschal|Siniscalco del Forte
trp_castle_16_seneschal|Siniscalco del Forte
trp_castle_17_seneschal|Siniscalco del Forte
trp_castle_18_seneschal|Siniscalco del Forte
trp_castle_19_seneschal|Siniscalco del Forte
trp_castle_20_seneschal|Siniscalco del Forte
trp_castle_21_seneschal|Siniscalco del Forte
trp_castle_22_seneschal|Siniscalco del Forte
trp_castle_23_seneschal|Siniscalco del Forte
trp_castle_24_seneschal|Siniscalco del Forte
trp_castle_25_seneschal|Siniscalco del Forte
trp_castle_26_seneschal|Siniscalco del Forte
trp_castle_27_seneschal|Siniscalco del Forte
trp_castle_28_seneschal|Siniscalco del Forte
trp_castle_29_seneschal|Siniscalco del Forte
trp_castle_30_seneschal|Siniscalco del Forte
trp_castle_31_seneschal|Siniscalco del Forte
trp_castle_32_seneschal|Siniscalco del Forte
trp_castle_33_seneschal|Siniscalco del Forte
trp_castle_34_seneschal|Siniscalco del Forte
trp_castle_35_seneschal|Siniscalco del Forte
trp_castle_36_seneschal|Siniscalco del Forte
trp_castle_37_seneschal|Siniscalco del Forte
trp_castle_38_seneschal|Siniscalco del Forte
trp_castle_39_seneschal|Siniscalco del Forte
trp_castle_40_seneschal|Siniscalco del Forte
trp_castle_41_seneschal|Siniscalco del Forte
trp_castle_42_seneschal|Siniscalco del Forte
trp_castle_43_seneschal|Siniscalco del Forte
trp_castle_44_seneschal|Siniscalco del Forte
trp_castle_45_seneschal|Siniscalco del Forte
trp_castle_46_seneschal|Siniscalco del Forte
trp_castle_47_seneschal|Siniscalco del Forte
trp_castle_48_seneschal|Siniscalco del Forte
trp_castle_49_seneschal|Siniscalco del Forte
trp_castle_50_seneschal|Siniscalco del Forte
trp_castle_51_seneschal|Siniscalco del Forte
trp_castle_52_seneschal|Siniscalco del Forte
trp_castle_53_seneschal|Siniscalco del Forte
trp_castle_54_seneschal|Siniscalco del Forte
trp_castle_55_seneschal|Siniscalco del Forte
trp_castle_56_seneschal|Siniscalco del Forte
trp_castle_57_seneschal|Siniscalco del Forte
trp_castle_58_seneschal|Siniscalco del Forte
trp_castle_59_seneschal|Siniscalco del Forte
trp_castle_60_seneschal|Siniscalco del Forte
trp_castle_61_seneschal|Siniscalco del Forte
trp_castle_62_seneschal|Siniscalco del Forte
trp_castle_63_seneschal|Siniscalco del Forte
trp_castle_64_seneschal|Siniscalco del Forte
trp_castle_65_seneschal|Siniscalco del Forte
trp_castle_66_seneschal|Siniscalco del Forte
trp_castle_67_seneschal|Siniscalco del Forte
trp_castle_68_seneschal|Siniscalco del Forte
trp_castle_69_seneschal|Siniscalco del Forte
trp_castle_70_seneschal|Siniscalco del Forte
trp_castle_71_seneschal|Siniscalco del Forte
trp_castle_72_seneschal|Siniscalco del Forte
trp_castle_73_seneschal|Siniscalco del Forte
trp_castle_74_seneschal|Siniscalco del Forte
trp_castle_75_seneschal|Siniscalco del Forte
trp_castle_76_seneschal|Siniscalco del Forte
trp_castle_77_seneschal|Siniscalco del Forte
trp_castle_78_seneschal|Siniscalco del Forte
trp_castle_79_seneschal|Siniscalco del Forte
trp_castle_80_seneschal|Siniscalco del Forte
trp_castle_81_seneschal|Siniscalco del Forte
trp_castle_82_seneschal|Siniscalco del Forte
trp_castle_83_seneschal|Siniscalco del Forte
trp_castle_84_seneschal|Siniscalco del Forte
trp_castle_85_seneschal|Siniscalco del Forte
trp_castle_86_seneschal|Siniscalco del Forte
trp_castle_87_seneschal|Siniscalco del Forte
trp_castle_88_seneschal|Siniscalco del Forte
trp_castle_89_seneschal|Siniscalco del Forte
trp_castle_90_seneschal|Siniscalco del Forte
trp_castle_91_seneschal|Siniscalco del Forte
trp_town_1_arena_master|Mastro di Gara
trp_town_2_arena_master|Mastro di Gara
trp_town_3_arena_master|Mastro di Gara
trp_town_4_arena_master|Mastro di Gara
trp_town_5_arena_master|Mastro di Gara
trp_town_6_arena_master|Mastro di Gara
trp_town_7_arena_master|Mastro di Gara
trp_town_8_arena_master|Mastro di Gara
trp_town_9_arena_master|Mastro di Gara
trp_town_10_arena_master|Mastro di Gara
trp_town_11_arena_master|Mastro di Gara
trp_town_12_arena_master|Mastro di Gara
trp_town_13_arena_master|Mastro di Gara
trp_town_14_arena_master|Mastro di Gara
trp_town_15_arena_master|Mastro di Gara
trp_town_16_arena_master|Mastro di Gara
trp_town_17_arena_master|Mastro di Gara
trp_town_18_arena_master|Mastro di Gara
trp_town_19_arena_master|Mastro di Gara
trp_town_20_arena_master|Mastro di Gara
trp_town_21_arena_master|Mastro di Gara
trp_town_22_arena_master|Mastro di Gara
trp_town_23_arena_master|Mastro di Gara
trp_town_24_arena_master|Mastro di Gara
trp_town_25_arena_master|Mastro di Gara
trp_town_26_arena_master|Mastro di Gara
trp_town_27_arena_master|Mastro di Gara
trp_town_28_arena_master|Mastro di Gara
trp_town_29_arena_master|Mastro di Gara
trp_town_1_armorer|Mercante di Armature
trp_town_2_armorer|Mercante di Armature
trp_town_3_armorer|Mercante di Armature
trp_town_4_armorer|Mercante di Armature
trp_town_5_armorer|Mercante di Armature
trp_town_6_armorer|Mercante di Armature
trp_town_7_armorer|Mercante di Armature
trp_town_8_armorer|Mercante di Armature
trp_town_9_armorer|Mercante di Armature
trp_town_10_armorer|Mercante di Armature
trp_town_11_armorer|Mercante di Armature
trp_town_12_armorer|Mercante di Armature
trp_town_13_armorer|Mercante di Armature
trp_town_14_armorer|Eadwine L'armaiolo
trp_town_15_armorer|Donnchadh L'armaiolo
trp_town_16_armorer|Paega L'armaiolo
trp_town_17_armorer|Lifris L'armaiolo
trp_town_18_armorer|Fearchair L'armaiolo
trp_town_19_armorer|Mercante di Armature
trp_town_20_armorer|Mercante di Armature
trp_town_21_armorer|Mercante di Armature
trp_town_22_armorer|Mercante di Armature
trp_town_23_armorer|Mercante di Armature
trp_town_24_armorer|Mercante di Armature
trp_town_25_armorer|Mercante di Armature
trp_town_26_armorer|Mercante di Armature
trp_town_27_armorer|Mercante di Armature
trp_town_28_armorer|Mercante di Armature
trp_town_29_armorer|Mercante di Armature
trp_town_30_armorer|Ingleri
trp_town_1_weaponsmith|Armaiolo
trp_town_2_weaponsmith|Armaiolo
trp_town_3_weaponsmith|Armaiolo
trp_town_4_weaponsmith|Armaiolo
trp_town_5_weaponsmith|Atli il Fabbro
trp_town_6_weaponsmith|Harenbili il Fabbro
trp_town_7_weaponsmith|Egil il Fabbro
trp_town_8_weaponsmith|Godgyfu il Fabbro
trp_town_9_weaponsmith|Uormuin il Fabbro
trp_town_10_weaponsmith|Armaiolo
trp_town_11_weaponsmith|Armaiolo
trp_town_12_weaponsmith|Armaiolo
trp_town_13_weaponsmith|Armaiolo
trp_town_14_weaponsmith|Armaiolo
trp_town_15_weaponsmith|Armaiolo
trp_town_16_weaponsmith|Armaiolo
trp_town_17_weaponsmith|Armaiolo
trp_town_18_weaponsmith|Armaiolo
trp_town_19_weaponsmith|Armaiolo
trp_town_20_weaponsmith|Armaiolo
trp_town_21_weaponsmith|Armaiolo
trp_town_22_weaponsmith|Armaiolo
trp_town_23_weaponsmith|Armaiolo
trp_town_24_weaponsmith|Armaiolo
trp_town_25_weaponsmith|Armaiolo
trp_town_26_weaponsmith|Armaiolo
trp_town_27_weaponsmith|Armaiolo
trp_town_28_weaponsmith|Armaiolo
trp_town_29_weaponsmith|Armaiolo
trp_town_30_weaponsmith|Ulfberht
trp_town_31_weaponsmith|Weland
trp_town_1_tavernkeeper|Oste
trp_town_2_tavernkeeper|Oste
trp_town_3_tavernkeeper|Oste
trp_town_4_tavernkeeper|Oste
trp_town_5_tavernkeeper|Oste
trp_town_6_tavernkeeper|Oste
trp_town_7_tavernkeeper|Oste
trp_town_8_tavernkeeper|Oste
trp_town_9_tavernkeeper|Oste
trp_town_10_tavernkeeper|Oste
trp_town_11_tavernkeeper|Oste
trp_town_12_tavernkeeper|Oste
trp_town_13_tavernkeeper|Oste
trp_town_14_tavernkeeper|Oste
trp_town_15_tavernkeeper|Oste
trp_town_16_tavernkeeper|Oste
trp_town_17_tavernkeeper|Oste
trp_town_18_tavernkeeper|Oste
trp_town_19_tavernkeeper|Oste
trp_town_20_tavernkeeper|Oste
trp_town_21_tavernkeeper|Oste
trp_town_22_tavernkeeper|Oste
trp_town_23_tavernkeeper|Oste
trp_town_24_tavernkeeper|Oste
trp_town_25_tavernkeeper|Oste
trp_town_26_tavernkeeper|Oste
trp_town_27_tavernkeeper|Oste
trp_town_28_tavernkeeper|Oste
trp_town_29_tavernkeeper|Oste
trp_town_30_tavernkeeper|Casius
trp_town_1_merchant|Mercante
trp_town_2_merchant|Mercante
trp_town_3_merchant|Mercante
trp_town_4_merchant|Mercante
trp_town_5_merchant|Mercante
trp_town_6_merchant|Mercante
trp_town_7_merchant|Hogni
trp_town_8_merchant|Mercante
trp_town_9_merchant|Mercante
trp_town_10_merchant|Mercante
trp_town_11_merchant|Adda
trp_town_12_merchant|Mercante
trp_town_13_merchant|Mercante
trp_town_14_merchant|Mercante
trp_town_15_merchant|Mercante
trp_town_16_merchant|Mercante
trp_town_17_merchant|Mercante
trp_town_18_merchant|Mercante
trp_town_19_merchant|Mercante
trp_town_20_merchant|Mercante
trp_town_21_merchant|Mercante
trp_town_22_merchant|Mercante
trp_town_23_merchant|Mercante
trp_town_24_merchant|Mercante
trp_town_25_merchant|Mercante
trp_town_26_merchant|Mercante
trp_town_27_merchant|Mercante
trp_town_28_merchant|Mercante
trp_town_29_merchant|Mercante
trp_salt_mine_merchant|Aeron ap Gareth
trp_salt_mine_merchant_pl|Aeron ap Gareth
trp_town_1_horse_merchant|Mercante di cavalli
trp_town_2_horse_merchant|Mercante di cavalli
trp_town_3_horse_merchant|Mercante di cavalli
trp_town_4_horse_merchant|Mercante di cavalli
trp_town_5_horse_merchant|Mercante di cavalli
trp_town_6_horse_merchant|Mercante di cavalli
trp_town_7_horse_merchant|Mercante di cavalli
trp_town_8_horse_merchant|Mercante di cavalli
trp_town_9_horse_merchant|Mercante di cavalli
trp_town_10_horse_merchant|Mercante di cavalli
trp_town_11_horse_merchant|Mercante di cavalli
trp_town_12_horse_merchant|Mercante di cavalli
trp_town_13_horse_merchant|Mercante di cavalli
trp_town_14_horse_merchant|Mercante di cavalli
trp_town_15_horse_merchant|Mercante di cavalli
trp_town_16_horse_merchant|Mercante di cavalli
trp_town_17_horse_merchant|Mercante di cavalli
trp_town_18_horse_merchant|Mercante di cavalli
trp_town_19_horse_merchant|Mercante di cavalli
trp_town_20_horse_merchant|Mercante di cavalli
trp_town_21_horse_merchant|Mercante di cavalli
trp_town_22_horse_merchant|Mercante di cavalli
trp_town_23_horse_merchant|Mercante di cavalli
trp_town_24_horse_merchant|Mercante di cavalli
trp_town_25_horse_merchant|Mercante di cavalli
trp_town_26_horse_merchant|Mercante di cavalli
trp_town_27_horse_merchant|Mercante di cavalli
trp_town_28_horse_merchant|Mercante di cavalli
trp_town_29_horse_merchant|Mercante di cavalli
trp_town_1_mayor|Sindaco
trp_town_2_mayor|Sindaco
trp_town_3_mayor|Sindaco
trp_town_4_mayor|Hallvard
trp_town_5_mayor|Sindaco
trp_town_6_mayor|Sindaco
trp_town_7_mayor|Sindaco
trp_town_8_mayor|Sindaco
trp_town_9_mayor|Sindaco
trp_town_10_mayor|Sindaco
trp_town_11_mayor|Sindaco
trp_town_12_mayor|Sindaco
trp_town_13_mayor|Sindaco
trp_town_14_mayor|Sindaco
trp_town_15_mayor|Sindaco
trp_town_16_mayor|Sindaco
trp_town_17_mayor|Sindaco
trp_town_18_mayor|Sindaco
trp_town_19_mayor|Sindaco
trp_town_20_mayor|Sindaco
trp_town_21_mayor|Sindaco
trp_town_22_mayor|Donngal
trp_town_23_mayor|Sindaco
trp_town_24_mayor|Sindaco
trp_town_25_mayor|Sindaco
trp_town_26_mayor|Sindaco
trp_town_27_mayor|Sindaco
trp_town_28_mayor|Sindaco
trp_town_29_mayor|Sindaco
trp_village_1_elder|Capo Locale
trp_village_2_elder|Capo Locale
trp_village_3_elder|Capo Locale
trp_village_4_elder|Capo Locale
trp_village_5_elder|Capo Locale
trp_village_6_elder|Capo Locale
trp_village_7_elder|Capo Locale
trp_village_8_elder|Capo Locale
trp_village_9_elder|Capo Locale
trp_village_10_elder|Capo Locale
trp_village_11_elder|Capo Locale
trp_village_12_elder|Capo Locale
trp_village_13_elder|Capo Locale
trp_village_14_elder|Capo Locale
trp_village_15_elder|Capo Locale
trp_village_16_elder|Capo Locale
trp_village_17_elder|Capo Locale
trp_village_18_elder|Capo Locale
trp_village_19_elder|Capo Locale
trp_village_20_elder|Capo Locale
trp_village_21_elder|Capo Locale
trp_village_22_elder|Capo Locale
trp_village_23_elder|Capo Locale
trp_village_24_elder|Capo Locale
trp_village_25_elder|Capo Locale
trp_village_26_elder|Capo Locale
trp_village_27_elder|Capo Locale
trp_village_28_elder|Godiva L'anziano
trp_village_29_elder|Capo Locale
trp_village_30_elder|Capo Locale
trp_village_31_elder|Capo Locale
trp_village_32_elder|Capo Locale
trp_village_33_elder|Capo Locale
trp_village_34_elder|Capo Locale
trp_village_35_elder|Capo Locale
trp_village_36_elder|Capo Locale
trp_village_37_elder|Capo Locale
trp_village_38_elder|Capo Locale
trp_village_39_elder|Capo Locale
trp_village_40_elder|Capo Locale
trp_village_41_elder|Capo Locale
trp_village_42_elder|Capo Locale
trp_village_43_elder|Capo Locale
trp_village_44_elder|Capo Locale
trp_village_45_elder|Capo Locale
trp_village_46_elder|Capo Locale
trp_village_47_elder|Capo Locale
trp_village_48_elder|Capo Locale
trp_village_49_elder|Capo Locale
trp_village_50_elder|Capo Locale
trp_village_51_elder|Capo Locale
trp_village_52_elder|Capo Locale
trp_village_53_elder|Wigmund L'anziano
trp_village_54_elder|Capo Locale
trp_village_55_elder|Capo Locale
trp_village_56_elder|Capo Locale
trp_village_57_elder|Capo Locale
trp_village_58_elder|Capo Locale
trp_village_59_elder|Capo Locale
trp_village_60_elder|Capo Locale
trp_village_61_elder|Capo Locale
trp_village_62_elder|Capo Locale
trp_village_63_elder|Capo Locale
trp_village_64_elder|Capo Locale
trp_village_65_elder|Capo Locale
trp_village_66_elder|Pyr L'anziano
trp_village_67_elder|Capo Locale
trp_village_68_elder|Capo Locale
trp_village_69_elder|Capo Locale
trp_village_70_elder|Capo Locale
trp_village_71_elder|Capo Locale
trp_village_72_elder|Capo Locale
trp_village_73_elder|Capo Locale
trp_village_74_elder|Capo Locale
trp_village_75_elder|Capo Locale
trp_village_76_elder|Capo Locale
trp_village_77_elder|Capo Locale
trp_village_78_elder|Caliacas
trp_village_79_elder|Capo Locale
trp_village_80_elder|Capo Locale
trp_village_81_elder|Capo Locale
trp_village_82_elder|Aesc L'anziano
trp_village_83_elder|Capo Locale
trp_village_84_elder|Capo Locale
trp_village_85_elder|Capo Locale
trp_village_86_elder|Capo Locale
trp_village_87_elder|Capo Locale
trp_village_88_elder|Capo Locale
trp_village_89_elder|Capo Locale
trp_village_90_elder|Capo Locale
trp_village_91_elder|Capo Locale
trp_village_92_elder|Capo Locale
trp_village_93_elder|Capo Locale
trp_village_94_elder|Capo Locale
trp_village_95_elder|Capo Locale
trp_village_96_elder|Capo Locale
trp_village_97_elder|Capo Locale
trp_village_98_elder|Ingolf L'anziano
trp_village_99_elder|Oleif L'anziano
trp_village_100_elder|Capo Locale
trp_village_101_elder|Capo Locale
trp_village_102_elder|Capo Locale
trp_village_103_elder|Capo Locale
trp_village_104_elder|Capo Locale
trp_village_105_elder|Capo Locale
trp_village_106_elder|Capo Locale
trp_village_107_elder|Capo Locale
trp_village_108_elder|Capo Locale
trp_village_109_elder|Capo Locale
trp_village_110_elder|Capo Locale
trp_village_111_elder|Capo Locale
trp_village_112_elder|Capo Locale
trp_village_113_elder|Capo Locale
trp_village_114_elder|Capo Locale
trp_village_115_elder|Capo Locale
trp_village_116_elder|Capo Locale
trp_village_117_elder|Capo Locale
trp_village_118_elder|Capo Locale
trp_village_119_elder|Capo Locale
trp_village_120_elder|Capo Locale
trp_village_121_elder|Capo Locale
trp_village_122_elder|Capo Locale
trp_village_123_elder|Capo Locale
trp_village_124_elder|Capo Locale
trp_village_125_elder|Capo Locale
trp_village_126_elder|Capo Locale
trp_village_127_elder|Capo Locale
trp_village_128_elder|Capo Locale
trp_village_129_elder|Capo Locale
trp_village_130_elder|Capo Locale
trp_village_131_elder|Capo Locale
trp_village_132_elder|Capo Locale
trp_village_133_elder|Capo Locale
trp_village_134_elder|Capo Locale
trp_village_135_elder|Capo Locale
trp_village_136_elder|Capo Locale
trp_village_137_elder|Capo Locale
trp_village_138_elder|Capo Locale
trp_village_139_elder|Capo Locale
trp_village_140_elder|Capo Locale
trp_village_141_elder|Capo Locale
trp_village_142_elder|Capo Locale
trp_village_143_elder|Capo Locale
trp_village_144_elder|Capo Locale
trp_village_145_elder|Capo Locale
trp_village_146_elder|Capo Locale
trp_village_147_elder|Capo Locale
trp_village_148_elder|Capo Locale
trp_village_149_elder|Capo Locale
trp_village_150_elder|Thonkrik
trp_monje_mercader|Monaco Commerciante
trp_monje_mercader_pl|Monaci Commercianti
trp_merchants_end|merchants end
trp_merchants_end_pl|merchants end
trp_town_1_healer|Medico
trp_town_2_healer|Medico
trp_town_3_healer|Medico
trp_town_4_healer|Medico
trp_town_5_healer|Medico
trp_town_6_healer|Medico
trp_town_7_healer|Medico
trp_town_8_healer|Medico
trp_town_9_healer|Medico
trp_town_10_healer|Medico
trp_town_11_healer|Medico
trp_town_12_healer|Medico
trp_town_13_healer|Medico
trp_town_14_healer|Medico
trp_town_15_healer|Medico
trp_town_16_healer|Medico
trp_town_17_healer|Medico
trp_town_18_healer|Medico
trp_town_19_healer|Medico
trp_town_20_healer|Medico
trp_town_21_healer|Medico
trp_town_22_healer|Medico
trp_town_23_healer|Medico
trp_town_24_healer|Medico
trp_town_25_healer|Medico
trp_town_26_healer|Medico
trp_town_27_healer|Medico
trp_town_28_healer|Medico
trp_town_29_healer|Medico
trp_town_30_healer|Medico
trp_healer_end|Guaritore
trp_town_1_shipwright|Carpentiere Navale
trp_town_2_shipwright|Carpentiere Navale
trp_town_3_shipwright|Carpentiere Navale
trp_port_chief|Comandante di Porto
trp_port_chief_pl|Comandanti di Porto
trp_town_5_shipwright|Kalle il Carpentiere Navale
trp_town_6_shipwright|Carpentiere Navale
trp_town_7_shipwright|Carpentiere Navale
trp_town_8_shipwright|Carpentiere Navale
trp_town_9_shipwright|Carpentiere Navale
trp_town_10_shipwright|Carpentiere Navale
trp_town_11_shipwright|Carpentiere Navale
trp_town_12_shipwright|Carpentiere Navale
trp_town_13_shipwright|Carpentiere Navale
trp_town_14_shipwright|Carpentiere Navale
trp_town_15_shipwright|Carpentiere Navale
trp_town_16_shipwright|Carpentiere Navale
trp_town_17_shipwright|Carpentiere Navale
trp_town_18_shipwright|Carpentiere Navale
trp_town_19_shipwright|Carpentiere Navale
trp_town_20_shipwright|Carpentiere Navale
trp_town_21_shipwright|Carpentiere Navale
trp_town_22_shipwright|Carpentiere Navale
trp_town_23_shipwright|Carpentiere Navale
trp_town_24_shipwright|Carpentiere Navale
trp_town_25_shipwright|Carpentiere Navale
trp_town_26_shipwright|Carpentiere Navale
trp_town_27_shipwright|Carpentiere Navale
trp_town_28_shipwright|Carpentiere Navale
trp_town_29_shipwright|Carpentiere Navale
trp_shipwright_end|Cinghiale
trp_shipwright_end_pl|Cinghiali
trp_town_1_master_craftsman|Artigiano
trp_town_2_master_craftsman|Artigiano
trp_town_3_master_craftsman|Artigiano
trp_town_4_master_craftsman|Artigiano
trp_town_5_master_craftsman|Artigiano
trp_town_6_master_craftsman|Artigiano
trp_town_7_master_craftsman|Artigiano
trp_town_8_master_craftsman|Artigiano
trp_town_9_master_craftsman|Artigiano
trp_town_10_master_craftsman|Artigiano
trp_town_11_master_craftsman|Artigiano
trp_town_12_master_craftsman|Artigiano
trp_town_13_master_craftsman|Artigiano
trp_town_14_master_craftsman|Artigiano
trp_town_15_master_craftsman|Artigiano
trp_town_16_master_craftsman|Artigiano
trp_town_17_master_craftsman|Artigiano
trp_town_18_master_craftsman|Artigiano
trp_town_19_master_craftsman|Artigiano
trp_town_20_master_craftsman|Artigiano
trp_town_21_master_craftsman|Artigiano
trp_town_22_master_craftsman|Artigiano
trp_town_23_master_craftsman|Artigiano
trp_town_24_master_craftsman|Artigiano
trp_town_25_master_craftsman|Artigiano
trp_town_26_master_craftsman|Artigiano
trp_town_27_master_craftsman|Artigiano
trp_town_28_master_craftsman|Artigiano
trp_town_29_master_craftsman|Artigiano
trp_local_merchant|Mercante Locale
trp_local_merchant_pl|Mercanti Locali
trp_tax_rebel|Contadino Ribelle
trp_tax_rebel_pl|Contadini Ribelli
trp_trainee_peasant|Contadino
trp_trainee_peasant_pl|Contadini
trp_fugitive|Uomo Sospetto
trp_fugitive_pl|Uomini Sospetti
trp_belligerent_drunk|Ubriaco Belligerante
trp_belligerent_drunk_pl|Ubriachi Belligeranti
trp_hired_assassin|Viaggiatore
trp_hired_assassin_pl|Sicari
trp_fight_promoter|Personaggio dall'aspetto grezzo 
trp_fight_promoter_pl|Personaggio dall'aspetto grezzo 
trp_spy|Comune Cittadino
trp_spy_pl|Comuni Cittadini
trp_spy_partner|Cittadino Insospettabile
trp_spy_partner_pl|Cittadini Insospettabili
trp_camp_armory|Campo Armeria
trp_camp_armory_pl|Campo Armeria
trp_nurse_for_lady|Nutrici
trp_nurse_for_lady_pl|Nutrici
trp_temporary_minister|Ministri
trp_temporary_minister_pl|Ministri
trp_norse_multiplayer|Hirdman
trp_norse_multiplayer_pl|Hirdmen
trp_saxon_multiplayer|Geanata
trp_saxon_multiplayer_pl|Geanatas
trp_angle_multiplayer|Geanata
trp_angle_multiplayer_pl|Geanatas
trp_briton_multiplayer|Milwr
trp_briton_multiplayer_pl|Milwyr
trp_irish_multiplayer|Cliarthaire
trp_irish_multiplayer_pl|Cliarthairi
trp_scotch_multiplayer|Bruide
trp_scotch_multiplayer_pl|Bruides
trp_norse_capitan|Nobile (Hersi)
trp_norse_capitan_pl|Nobili (Hersir)
trp_norse_elite|Guerriero Elite (Huskarl)
trp_norse_elite_pl|Guerrieri Elite (Huskarlar)
trp_saxon_capitan|Nobile (Thegn)
trp_saxon_capitan_pl|Nobili (Thegns)
trp_saxon_elite|Guardia del Corpo (Hearthweru)
trp_saxon_elite_pl|Guardie del Corpo (Hearthwerus)
trp_angle_capitan|Nobile (Thegn)
trp_angle_capitan_pl|Nobili (Thegns)
trp_angle_elite|Guardia del Corpo (Hearthweru)
trp_angle_elite_pl|Guardie del Corpo (Hearthwerus)
trp_briton_capitan|Nobile (Uchelwr)
trp_briton_capitan_pl|Nobili (Uchelwyr)
trp_briton_elite|Campione (Campiwr)
trp_briton_elite_pl|Campioni (Campgwr)
trp_irish_capitan|Nobile (Airig)
trp_irish_capitan_pl|Nobili (Arras)
trp_irish_elite|Guardia del Corpo (Deaisbard)
trp_irish_elite_pl|Guardie del Corpo (Deaisbards)
trp_scotch_capitan|Nobile (Toisech)
trp_scotch_capitan_pl|Nobili (Toisechs)
trp_scotch_elite|Campione (Gaisgidh)
trp_scotch_elite_pl|Campioni (Gaisgidhs)
trp_nurse|Nutrici
trp_quick_battle_troop_1|Bodo il Cantabro
trp_quick_battle_troop_1_pl|Bodo il Cantabro
trp_quick_battle_troop_2|Sven Bull Neck
trp_quick_battle_troop_2_pl|Sven Bull Neck
trp_quick_battle_troop_3|Cerball mac Dunlainge
trp_quick_battle_troop_3_pl|Cerball mac Dunlainge
trp_quick_battle_troop_4|Artorius
trp_quick_battle_troop_4_pl|Artorius
trp_quick_battle_troop_5|Cinead
trp_quick_battle_troop_5_pl|Cinead
trp_quick_battle_troop_6|Oswald
trp_quick_battle_troop_6_pl|Oswald
trp_quick_battle_troop_7|Hildr
trp_quick_battle_troop_7_pl|Hildr
trp_quick_battle_troops_cam|Camera
trp_quick_battle_troops_cam_pl|Camera
trp_tutorial_fighter_1|Guerriero Novizio
trp_tutorial_fighter_1_pl|Combattenti Veterani
trp_tutorial_fighter_2|Guerriero Novizio
trp_tutorial_fighter_2_pl|Combattenti Veterani
trp_tutorial_fighter_3|Guerriero Regolare
trp_tutorial_fighter_3_pl|Combattenti Veterani
trp_tutorial_fighter_4|Guerriero Veterano
trp_tutorial_fighter_4_pl|Combattenti Veterani
trp_tutorial_archer_1|Arciere
trp_tutorial_archer_1_pl|Arcieri
trp_tutorial_master_archer|Arciere Addestratori 
trp_tutorial_master_archer_pl|Arciere Addestratori 
trp_tutorial_rider_1|Cavalleggero
trp_tutorial_rider_2|Horsewealas
trp_tutorial_master_horseman|Addestratori dei Cavalieri
trp_tutorial_master_horseman_pl|Addestratori dei Cavalieri
trp_swadian_merchant|Mercante
trp_vaegir_merchant|Mercante
trp_khergit_merchant|Mercante
trp_nord_merchant|Guaritore
trp_rhodok_merchant|Mercante
trp_sarranid_merchant|Mercante
trp_startup_merchants_end|startup merchants end
trp_startup_merchants_end_pl|startup merchants end
trp_old_hero_boargrove|Vecchio Eroe
trp_old_hero_boargrove_pl|Vecchi Eroi
trp_sea_raider_leader|Berserkr
trp_sea_raider_leader_pl|Berserkir
trp_looter_leader|Ulfhedinn
trp_looter_leader_pl|Ulfhednar
trp_bandit_leaders_end|bandit leaders end
trp_bandit_leaders_end_pl|bandit leaders end
trp_relative_of_merchant|Capitano Asturo
trp_relative_of_merchants_end|relative of merchants end
trp_relative_of_merchants_end_pl|relative of merchants end
trp_sacerdote_lair|Beda il sacerdote
trp_sacerdote_lair_pl|Sacerdote
trp_pagano_lair|Godi Olafr
trp_pagano_lair_pl|Sacerdote
trp_bardo_lair|Siwi il Bardo
trp_bardo_lair_pl|Bardo
trp_skald_lair|Bragi lo Scaldo
trp_skald_lair_pl|Bardo
trp_quastuosa_lair1|Suaibsech
trp_quastuosa_lair1_pl|quastuosa
trp_quastuosa_lair2|Tancoystl
trp_quastuosa_lair2_pl|quastuosa
trp_quastuosa_lair3|Gulla
trp_quastuosa_lair3_pl|quastuosa
trp_quastuosa_lair4|Eadgyd
trp_quastuosa_lair4_pl|quastuosa
trp_lair_barber1|Aurelius
trp_lair_barber1_pl|Aurelius
trp_lair_barber2|Morgan
trp_lair_barber2_pl|Morgan
trp_lair_barber3|Alexander
trp_lair_barber3_pl|Alexander
trp_lair_barber4|Ailill
trp_lair_barber4_pl|Ailill
trp_cook_lair|Wamba
trp_cook_lair_pl|Cuoco
trp_lair_captain|Marcus
trp_lair_captain_pl|Capitano Lair
trp_mule_troop|Il Ranocchio
trp_mule_troop_pl|Il Ranocchio
trp_leader_playerrf|Veterano
trp_leader_playerrf_pl|Veterano
trp_mountain_bandit_leader|Cuore di Lupo
trp_mountain_bandit_leader_pl|Cuore di Lupo
trp_last_druid|Druido
trp_last_druid_pl|Druido
trp_old_roman|Vecchio Romano
trp_old_roman_pl|Vecchio Romano
trp_sea_raider_hero2|Capitono Eroe
trp_sea_raider_hero2_pl|Capitono Eroe
trp_desert_bandit_hero|Re dei Banditi
trp_desert_bandit_hero_pl|Re dei Banditi
trp_troll_bridge|Uomo Enorme
trp_troll_bridge_pl|Uomo Enorme
trp_elf_riddles|Piccolo Uomo
trp_elf_riddles_pl|Piccolo Uomo
trp_silo_gallaecia|Compagno Silo di Gallaecia
trp_silo_gallaecia_pl|Silo di Gallaecia
trp_petrus_didaz|Dux Petrus Didaz
trp_petrus_didaz_pl|Dux Petro di Oveto
trp_gundinsalvo_cantabrian|Compagno Gundinsalvo di Amaia
trp_gundinsalvo_cantabrian_pl|Compagno Gundinsalvo di Amaia
trp_port_crew|Vecchio Capitano di Mare
trp_port_crew_pl|Capitano SR
trp_port_pirate|Mercante di Schiavi
trp_port_pirate_pl|Mercanti di Schiavi
trp_fisher|Pescatore
trp_fisher_pl|Pescatori
trp_thiaderd|Thiaderd
trp_thiaderd_pl|Thiaderd
trp_sea_raider_prisoner|Capitano Della Nave
trp_sea_raider_prisoner_pl|Capitani
trp_doccinga_torturador|Torturatore
trp_doccinga_torturador_pl|Torturatori
trp_leader_svenlair|Harald
trp_leader_svenlair_pl|Capitani
trp_farmstead_prisoner|Prigioniero
trp_farmstead_prisoner_pl|Prigioniero
trp_sven_brother|Olvir Bianchi Capelli
trp_sven_brother_pl|Olvir
trp_atli_eiriksson|Atli Eiriksson
trp_atli_eiriksson_pl|Atli
trp_sven_bull_neck|Sven Bull Neck
trp_sven_bull_neck_pl|Sven
trp_frisianship_merchant|Capitano
trp_sailors|Marinaio Woden Ric
trp_sailors_pl|Marinai Woden Ric
trp_mercenary_arqueros|Arciere Mercenario
trp_mercenary_arqueros_pl|Arcieri Mercenari
trp_bodo_falso|Bodo
trp_bodo_falso_pl|Bodo
trp_your_tutorialwife|Madre
trp_your_tutorialwife_pl|Madre
trp_your_motherold|Madre Anziana
trp_your_motherold_pl|Madre Anziana
trp_ulf_thefarmer|Ulf
trp_hija_granja|Thora
trp_hija_granja_pl|Thora
trp_orm_robagranjas|Orm Svarti
trp_orm_robagranjas_pl|Orm Svarti
trp_pagano|Godi Olafr
trp_pagano_pl|Sacerdote
; trp_pseudo_troop_01|Gjalfrmarr
trp_pseudo_troop_01_pl|
; trp_pseudo_troop_02|Eydendr
trp_pseudo_troop_02_pl|
; trp_pseudo_troop_03|Gunnmas
trp_pseudo_troop_03_pl|
; trp_pseudo_troop_04|Sundvargs
trp_pseudo_troop_04_pl|pt
; trp_pseudo_troop_05|Unnswin
trp_pseudo_troop_05_pl|pt
; trp_pseudo_troop_06|Bengrefill
trp_pseudo_troop_06_pl|pt
; trp_pseudo_troop_07|Elgslagar
trp_pseudo_troop_07_pl|pt
; trp_pseudo_troop_08|Arajo
trp_pseudo_troop_08_pl|pt
; trp_pseudo_troop_09|Byrskids
trp_pseudo_troop_09_pl|pt
trp_pseudo_troop_end|Secondo Abito
trp_pseudo_troop_end_pl|Pseudo Truppa
trp_the_snake|Il Serpente
trp_the_snake_pl|Il Serpente
trp_campeon_1|Aed mac Ainmerech
trp_campeon_1_pl|Aed mac Ainmerech
trp_campeon_2|Olchobar mac Cinaeda
trp_campeon_2_pl|Olchobar mac Cinaeda
trp_slave|Schiavo
trp_slave_pl|Schiavi
trp_morrigan_npc|Morrigan
trp_morrigan_npc_pl|Morrigan
trp_dog|Cane
trp_dog_pl|Cani
trp_caliacas_son|Bran mac Caliacas
trp_caliacas_son_pl|Bran mac Caliacas
trp_maelbresail_man|Fergus mac Cormaic
trp_maelbresail_man_pl|Fergus mac Cormaic
trp_maelbressail_nother|Madre di Mael Bresail
trp_maelbressail_nother_pl|Madre di Mael Bresail
trp_mp_norse_peasant|Contadino
trp_mp_norse_peasant_pl|Contadino
trp_mp_saxon_peasant|Contadino
trp_mp_saxon_peasant_pl|Contadino
trp_mp_angle_peasant|Contadino
trp_mp_angle_peasant_pl|Contadino
trp_mp_briton_peasant|Contadino
trp_mp_briton_peasant_pl|Contadino
trp_mp_irish_peasant|Contadino
trp_mp_irish_peasant_pl|Contadino
trp_mp_scotch_peasant|Contadino
trp_mp_scotch_peasant_pl|Contadino
trp_mp_norse_infantry|Fanteria Norrena
trp_mp_norse_infantry_pl| 
trp_mp_norse_archer|Arcieri Norreni
trp_mp_norse_archer_pl| 
trp_mp_norse_cavalry|Cavalleria Norrena
trp_mp_norse_cavalry_pl| 
trp_mp_saxon_infantry|Fanteria Sassone
trp_mp_saxon_infantry_pl| 
trp_mp_saxon_archer|Arcieri Sassoni
trp_mp_saxon_archer_pl| 
trp_mp_saxon_cavalry|Cavalleria Sassone
trp_mp_saxon_cavalry_pl| 
trp_mp_angle_infantry|Fanteria Anglo
trp_mp_angle_infantry_pl| 
trp_mp_angle_archer|Arcieri Anglo
trp_mp_angle_archer_pl| 
trp_mp_angle_cavalry|Cavalleria Anglo
trp_mp_angle_cavalry_pl| 
trp_mp_briton_infantry|Fanteria Britannica
trp_mp_briton_infantry_pl| 
trp_mp_briton_archer|Arcieri Britannici
trp_mp_briton_archer_pl| 
trp_mp_briton_cavalry|Cavalleria Britannica
trp_mp_briton_cavalry_pl| 
trp_mp_irish_infantry|Fanteria Gaelica
trp_mp_irish_infantry_pl| 
trp_mp_irish_archer|Arcieri Gaelici
trp_mp_irish_archer_pl| 
trp_mp_irish_cavalry|Cavalleria Gaelica
trp_mp_irish_cavalry_pl| 
trp_mp_scotch_infantry|Fanteria Pitta
trp_mp_scotch_infantry_pl| 
trp_mp_scotch_archer|Arcieri Pitti
trp_mp_scotch_archer_pl| 
trp_mp_scotch_cavalry|Cavalleria Pitta
trp_mp_scotch_cavalry_pl| 
trp_norse_peasant_ai|Uomo Norreno Liberato (Leysingi)
trp_norse_peasant_ai_pl|Uomini Norreni Liberati (Leysingja)
trp_saxon_peasant_ai|Contadino Sassone (Gebur)
trp_saxon_peasant_ai_pl|Contadini (Geburas)
trp_angle_peasant_ai|Contadino Anglo (Gebur)
trp_angle_peasant_ai_pl|Contadini (Geburas)
trp_briton_peasant_ai|Servo Britanno (Aillt)
trp_briton_peasant_ai_pl|Servi Britanni (Aillts)
trp_irish_peasant_ai|Servo Irlandese (Senchleithe)
trp_irish_peasant_ai_pl|Servi Irlandesi (Senchleithe)
trp_scotch_peasant_ai|Contadino Pitto (Bachlach)
trp_scotch_peasant_ai_pl|Contadini (Bachlach)
trp_fake_berserker|Berserkr
trp_fake_berserker_pl|Berserkir
trp_copy_npc1|Caio
trp_copy_npc1_pl|Caio
trp_copy_npc2|Egil
trp_copy_npc2_pl|Egil
trp_copy_npc3|Brunilde
trp_copy_npc3_pl|Brunilde
trp_copy_npc4|Donnchadh
trp_copy_npc4_pl|Donnchadh
trp_copy_npc5|Morgant
trp_copy_npc5_pl|Morgant
trp_copy_npc6|Bodo
trp_copy_npc6_pl|Bodo
trp_copy_npc7|Dwywei
trp_copy_npc7_pl|Dwywei
trp_copy_npc8|Reginhard
trp_copy_npc8_pl|Reginhard
trp_copy_npc9|Clovis
trp_copy_npc9_pl|Clovis
trp_copy_npc10|Ceawlin
trp_copy_npc10_pl|Ceawlin
trp_copy_npc11|Solveig
trp_copy_npc11_pl|Solveig
trp_copy_npc12|Asbjorn
trp_copy_npc12_pl|Asbjorn
trp_copy_npc13|Helgi
trp_copy_npc13_pl|Helgi
trp_copy_npc14|Alichu
trp_copy_npc14_pl|Alichu
trp_copy_npc15|Agathinos
trp_copy_npc15_pl|Agathinos
trp_copy_npc16|Beda
trp_copy_npc16_pl|Beda
