trp_multiplayer_profile_troop_male|perfil  de tropa multijogador masculino
trp_multiplayer_profile_troop_male_pl|perfil  de tropa multijogador masculino
trp_multiplayer_profile_troop_female|perfil  de tropa multijogador female
trp_multiplayer_profile_troop_female_pl|perfil  de tropa multijogador female
trp_temp_troop|Tropa temporária
trp_temp_troop_pl|Tropa temporária
trp_find_item_cheat|Encontrar Item cheat
trp_find_item_cheat_pl|Encontrar Item cheat
trp_random_town_sequence|Sequência Aleatória de Cidade
trp_random_town_sequence_pl|Sequência Aleatória de Cidade
trp_tournament_participants|Participantes do Torneio
trp_tournament_participants_pl|Participantes do Torneio
trp_tutorial_maceman|Gladiador
trp_tutorial_maceman_pl|Gladiador
trp_tutorial_archer|Arqueiro
trp_tutorial_archer_pl|Arqueiro
trp_tutorial_swordsman|Espadachim
trp_tutorial_swordsman_pl|Espadachins
trp_novice_fighter|Lutador Novato
trp_novice_fighter_pl|Lutadores Novatos
trp_regular_fighter|Lutador
trp_regular_fighter_pl|Lutadores Regulares
trp_veteran_fighter|Lutador Veterano
trp_veteran_fighter_pl|Lutadores Veteranos
trp_champion_fighter|Lutador Campeão
trp_champion_fighter_pl|Lutadores Campeões
trp_arena_training_fighter_1|Lutador Novato
trp_arena_training_fighter_1_pl|Lutadores Novatos
trp_arena_training_fighter_2|Lutador Novato
trp_arena_training_fighter_2_pl|Lutadores Novatos
trp_arena_training_fighter_3|Lutador Regular
trp_arena_training_fighter_3_pl|Lutadores Regulares
trp_arena_training_fighter_4|Lutador Regular
trp_arena_training_fighter_4_pl|Lutadores Regulares
trp_arena_training_fighter_5|Lutador Regular
trp_arena_training_fighter_5_pl|Lutadores Regulares
trp_arena_training_fighter_6|Lutador Regular
trp_arena_training_fighter_6_pl|Lutadores Veteranos
trp_arena_training_fighter_7|Lutador Veterano
trp_arena_training_fighter_7_pl|Lutadores Veteranos
trp_arena_training_fighter_8|Lutador Veterano
trp_arena_training_fighter_8_pl|Lutadores Veteranos
trp_arena_training_fighter_9|Lutador Campeão
trp_arena_training_fighter_9_pl|Lutadores Campeões
trp_arena_training_fighter_10|Lutador Campeão
trp_arena_training_fighter_10_pl|Lutadores Campeões
trp_cattle|Gado
trp_cattle_pl|Gado
trp_farmer|Fazendeiro
trp_farmer_pl|Fazendeiros
trp_cantaber_iuventus|Guerreiro Cantábrio
trp_cantaber_iuventus_pl|Saqueador Cantábrio
trp_asturias_veteran|Veterano Astúrio
trp_asturias_veteran_pl|Veteranos Astúrios
trp_gallaecia_warrior|Guarda do Advento Galício
trp_gallaecia_warrior_pl|Guardas do Advento Galício
trp_townsman|Habitante
trp_townsman_pl|Habitantes
trp_watchman|Vigilante
trp_watchman_pl|Vigilantes
trp_mercenary_cavalry|Cavaleiro Franco
trp_mercenary_cavalry_pl|Cavaleiros Francos
trp_caravan_guard|Lanceiro
trp_caravan_guard_pl|Lanceiros
trp_mercenary_swordsman|Veterano
trp_mercenary_swordsman_pl|Veteranos
trp_regular_sailors|Marinheiro
trp_regular_sailors_pl|Marinheiros
trp_mercenary_horseman|Escaramuçador Aquitaniano
trp_mercenary_horseman_pl|Escaramuçadores Aquitanianos
trp_mercenary_leader|Velho Capitão
trp_mercenary_leader_pl|Velhos Capitães
trp_hired_blade|Guerreiro Svear
trp_hired_blade_pl|Guerreiros Svear
trp_mercenary_crossbowman|Arqueiro Finn
trp_mercenary_crossbowman_pl|Arqueiros Finnas
trp_mercenaries_end|Habitante
trp_mercenaries_end_pl|Habitantes
trp_norse_slave|Emancipado Nórdico (Leysingi)
trp_norse_slave_pl|Emancipados Nórdicos (Leysingja)
trp_norse_bowman|Arqueiro Nórdico (Gestr)
trp_norse_bowman_pl|Arqueiros Nórdicos (Gestir)
trp_norse_elitearcher|Arqueiro Guerreiro Nórdico (Heimthegi)
trp_norse_elitearcher_pl|Arqueiros Guerreiros Nórdicos (Heimthegar)
trp_norse_level0_landed|Homem Livre Nórdico (Boandi)
trp_norse_level0_landed_pl|Homens Livres Nórdicos (Bondar)
trp_norse_level1_landed|Lanceiro Nórdico (Drengr)
trp_norse_level1_landed_pl|Lanceiros Nórdicos (Drengir)
trp_norse_level2_landed|Lanceiro de Elite Nórdico (Thegn)
trp_norse_level2_landed_pl|Lanceiros de Elite Nórdicos (Thegnar)
trp_norse_level3_landed|Nobre Nórdico (Hersir)
trp_norse_level3_landed_pl|Nobres Nórdicos (Hersir)
trp_norse_level0_companion|Companheiro Nórdico (Hirthmathr)
trp_norse_level0_companion_pl|Companheiros Nórdicos (Hirthmathr)
trp_norse_level1_companion|Veterano Nórdico (Rekkr)
trp_norse_level1_companion_pl|Veteranos Nórdicos (Rekkar)
trp_norse_level2_companion|Guardião Nórdico (Huskarl)
trp_norse_level2_companion_pl|Guardiões Nórdicos (Huskarlar)
trp_norse_standard_bearer|Porta-Estandarte (Merkismathr)
trp_norse_standard_bearer_pl|Portas-Estandarte (Merkismathr)
trp_norse_priest|Gothi
trp_norse_priest_pl|Gothar
trp_briton_slave|Servo Bretão (Aillt)
trp_briton_slave_pl|Servos Bretões (Aillts)
trp_briton_level0_landed|Homem Livre Bretão (Bonheddwr)
trp_briton_level0_landed_pl|Homens Livres Bretões (Bonheddwyr)
trp_briton_level1_landed|Lanceiro Bretão (Pedyt)
trp_briton_level1_landed_pl|Lanceiros Bretãos (Pedytes)
trp_briton_level2_landed|Lanceiro de Elite Bretão (Gwrda)
trp_briton_level2_landed_pl|Lanceiros de Elite Bretões (Gwrdas)
trp_briton_level3_landed|Nobre Bretão (Uchelwr)
trp_briton_level3_landed_pl|Nobres Bretões (Uchelwyr)
trp_briton_level0_companion|Guerreiro Bretão (Cadwr)
trp_briton_level0_companion_pl|Guerreiros Bretões (Cadwyr)
trp_briton_level1_companion|Campeão Bretão (Campiwr)
trp_briton_level1_companion_pl|Campeões Bretóes (Campgwr)
trp_briton_level2_companion|Guardião Bretão (Teulu)
trp_briton_level2_companion_pl|Guardiões Bretões (Teulus)
trp_briton_bowman|Escaramuçador Bretão (Bweydd)
trp_briton_bowman_pl|Escaramuçadores Bretões (Bweydds)
trp_briton_marksman|Arqueiro Bretão (Saethydd)
trp_briton_marksman_pl|Arqueiros Bretões (Saethydds)
trp_briton_horseman|Cavaleiro Bretão (Marchoc)
trp_briton_horseman_pl|Cavaleiros Bretões (Marcach)
trp_briton_standard_bearer|Porta-Estandarte (Gwas Ys Tafell)
trp_briton_standard_bearer_pl|Portas-Estandarte (Gwas Ys Tafell)
trp_briton_priest|Padre Bretão
trp_briton_priest_pl|Padres Bretões
trp_saxon_slave|Camponês Saxão (Gebur)
trp_saxon_slave_pl|Camponeses (Geburas)
trp_saxon_bowman|Arqueiro Saxão (Scytta)
trp_saxon_bowman_pl|Arqueiros Saxões (Scyttena)
trp_saxon_level0_landed|Homem Livre Saxão (Kotsetla)
trp_saxon_level0_landed_pl|Homens Livres Saxões (Kotsetlas)
trp_saxon_level1_landed|Lanceiro Saxão (Cniht)
trp_saxon_level1_landed_pl|Lanceiros Saxões (Cnihtes)
trp_saxon_level2_landed|Guerreiro Saxão (Cempa)
trp_saxon_level2_landed_pl|Guerreiros Saxões (Cempan)
trp_saxon_level3_landed|Nobre Saxão (Thegn)
trp_saxon_level3_landed_pl|Nobres Saxões (Thegns)
trp_saxon_level0_companion|Companheiro Saxão (Geneat)
trp_saxon_level0_companion_pl|Companheiros Saxões (Geneata)
trp_saxon_level1_companion|Saxão Veterano (Gesith)
trp_saxon_level1_companion_pl|Veteranos Saxões (Gesithas)
trp_saxon_level2_companion|Guardião Saxão (Gedriht)
trp_saxon_level2_companion_pl|Guardiões Saxões (Gedrihtes)
trp_saxon_horseman|Cavaleiro Saxão (apostasia)
trp_saxon_horseman_pl|Cavaleiros Saxões (Riddan)
trp_saxon_standard_bearer|Porta-Estandarte (Tacnberend)
trp_saxon_standard_bearer_pl|Portas-Estandarte (Tacnberends)
trp_saxon_priest|Padre Saxão
trp_saxon_priest_pl|Padres Saxões
trp_scotch_peasant|Camponês Picto (Bachlach)
trp_scotch_peasant_pl|Camponeses (Bachlach)
trp_scotch_bowman|Escaramuçador Picto (Fuidir)
trp_scotch_bowman_pl|Escaramuçadores (Fuidirs)
trp_scotch_level0_skirmisher|Escaramuçador Veterano Picto (Saigteoir)
trp_scotch_level0_skirmisher_pl|Escaramuçadores Veteranos (Saigteoir)
trp_scotch_level1_skirmisher|Escaramuçador de Elite Picto (Cruithnen)
trp_scotch_level1_skirmisher_pl|Escaramuçadores de Elite (Cruithnen)
trp_scotch_horseman|Cavaleiro Picto (Marcach)
trp_scotch_horseman_pl|Cavaleiros Leves (Marcach)
; trp_scotch_level0_landed|Pictish Landowner (Bothach)
; trp_scotch_level0_landed_pl|Pictish Landowners (Bothach)
trp_scotch_level1_landed|Lanceiro Picto (Octhigern)
trp_scotch_level1_landed_pl|Lanceiros Pictos (Octhigern)
trp_scotch_level2_landed|Guerreiro Picto (Gaithlennach)
trp_scotch_level2_landed_pl|Guerreiros Pictos (Gaithlennach)
trp_scotch_level0_companion|Machadeiro Picto (Crechaire)
trp_scotch_level0_companion_pl|Machadeiros Pictos (Crechaire)
trp_scotch_level1_companion|Veterano Picto (Arsaid)
trp_scotch_level1_companion_pl|Veteranos Pictos (Arsaid)
trp_scotch_level2_companion|Campeão Picto (Gaiscedach)
trp_scotch_level2_companion_pl|Campeões Pictos (Gaisgidh)
trp_scotch_knight|Nobre Picto (Toisech)
trp_scotch_knight_pl|Nobres Pictos (Toisechs)
trp_scotch_standard_bearer|Porta-Estandarte (Samhladh)
trp_scotch_standard_bearer_pl|Portas-estandarte (Samhladh)
trp_scotch_musician|Corneteiro Picto
trp_scotch_musician_pl|Corneteiros Pictos
trp_scotch_priest|Sacerdote
trp_scotch_priest_pl|Padres
trp_angle_slave|Camponês Anglo (Gebur)
trp_angle_slave_pl|Camponeses Anglos (Geburas)
trp_angle_bowman|Arqueiro Anglo (Scytta)
trp_angle_bowman_pl|Arqueiros Anglos (Scyttena)
trp_angle_level0_landed|Homem Livre Anglo (Kotsetla)
trp_angle_level0_landed_pl|Homens Livres Anglos (Kotsetlas)
trp_angle_level1_landed|Lanceiro Anglo (Cniht)
trp_angle_level1_landed_pl|Lanceiros Anglos (Cnihtes)
trp_angle_level2_landed|Guerreiro Anglo (Cempa)
trp_angle_level2_landed_pl|Guerreiros Anglos (Cempan)
trp_angle_level3_landed|Nobre Anglo (Thegn)
trp_angle_level3_landed_pl|Nobres Anglos (Thegns)
trp_angle_level0_companion|Companheiro Anglo (Geneat)
trp_angle_level0_companion_pl|Companheiros Anglos (Geneata)
trp_angle_level1_companion|Veterano Anglo (Gesith)
trp_angle_level1_companion_pl|Veteranos Anglos (Gesithas)
trp_angle_level2_companion|Guardião Anglo (Gedriht)
trp_angle_level2_companion_pl|Guardiões Anglos (Gedrihtes)
trp_angle_horseman|Cavaleiro Anglo (Ridda)
trp_angle_horseman_pl|Cavaleiros Anglos (Riddan)
trp_angle_standard_bearer|Porta-Estandarte (Tacnberend)
trp_angle_standard_bearer_pl|Portas-Estandarte (Tacnberends)
trp_angle_priest|Padre Anglo
trp_angle_priest_pl|Padres Anglos
trp_irish_slave|Servo Irlandês (Senchleithe)
trp_irish_slave_pl|Servos Irlandeses (Senchleithe)
trp_irish_bowman|Escaramuçador Irlandês (Fer Midboth)
trp_irish_bowman_pl|Escaramuçador Irlandês (Fer Midboth)
trp_irish_level0_skirmisher|Escaramuçador Veterano Irlandês (Ceithernach)
trp_irish_level0_skirmisher_pl|Escaramuçadores Veteranos Irlandeses (Ceithern)
trp_irish_level1_skirmisher|Escaramuçador de Elite Irlandês (Fianaige)
trp_irish_level1_skirmisher_pl|Escaramuçadores Elite Irlandeses (Fian)
trp_irish_horseman|Cavaleiro Irlandês (Marcach)
trp_irish_horseman_pl|Cavaleiros Irlandeses (Marcach)
trp_irish_level0_landed|Trabalhador Irlandês (Bothach)
trp_irish_level0_landed_pl|Milícia Irlandesa (Bothach)
trp_irish_level1_landed|Homem Livre Irlandês (Ocaire)
trp_irish_level1_landed_pl|Homens Livres Irlandeses (Ocaires)
trp_irish_level2_landed|Veterano Irlandês (Boaire)
trp_irish_level2_landed_pl|Veteranos Irlandeses (Boaires)
trp_irish_level3_landed|Nobre Irlandês (Aire)
trp_irish_level3_landed_pl|Nobres Irlandeses (Airig)
; trp_irish_level0_companion|Irish Warrior (Cliarnach)
trp_irish_level0_companion_pl|Guerreiros Irlandeses (Cliathaire)
trp_irish_level1_companion|Campeão Irlandês (Caur)
; trp_irish_level1_companion_pl|Irish Champions (Curadmir)
trp_irish_knight|Guardião Irlandês (Riglach)
trp_irish_knight_pl|Guardiões Irlandeses (Riglach)
trp_irish_standard_bearer|Porta-Estandarte (Meirgeach)
trp_irish_standard_bearer_pl|Portas-Estandarte (Meirgeach)
trp_irish_priest|Padre Gaélico
trp_irish_priest_pl|Padres Gaélicos
trp_todos_cuerno|Corneteiro
trp_todos_cuerno_pl|Corneteiros
trp_norse_messenger|Mensageiro (Bodi)
trp_norse_messenger_pl|Mensageiros (Bodar)
trp_norse_deserter|Desertor Nórdico
trp_norse_deserter_pl|Desertores Nórdicos
trp_norse_prison_guard|Guarda Prisional
trp_norse_prison_guard_pl|Guardas Prisionais
trp_norse_castle_guard|Guarda de Forte
trp_norse_castle_guard_pl|Guardas de Forte
trp_frisian_basic|Frísio (Husmo)
trp_frisian_basic_pl|Frísios (Fresen)
trp_frisian_mid|Guerreiro Frísio (Wigand)
trp_frisian_mid_pl|Guerreiros Frísios (Wiganda)
trp_frisian_heavy|Veterano Frísio (Werand)
trp_frisian_heavy_pl|Veteranos Frísios (Weranda)
trp_frisian_cav|Cavaleiro Frísio (Riddere)
trp_frisian_cav_pl|Cavaleiros Frísios (Riddere)
trp_briton_messenger|Mensageiro
trp_briton_messenger_pl|Mensageiros
trp_briton_deserter|Desertor Bretão
trp_briton_deserter_pl|Desertores Bretões
trp_briton_prison_guard|Guarda Prisional
trp_briton_prison_guard_pl|Guardas Prisionais
trp_briton_castle_guard|Guarda de Forte
trp_briton_castle_guard_pl|Guardas de Forte
trp_saxon_messenger|Mensageiro (Horsweala)
trp_saxon_messenger_pl|Mensageiros (Horswealas)
trp_saxon_deserter|Desertor Saxão
trp_saxon_deserter_pl|Desertores Saxões
trp_saxon_prison_guard|Guarda Prisional
trp_saxon_prison_guard_pl|Guardas Prisionais
trp_saxon_castle_guard|Guarda de Forte
trp_saxon_castle_guard_pl|Guardas de Forte
trp_scotch_messenger|Mensageiro
trp_scotch_messenger_pl|Mensageiros
trp_scotch_deserter|Desertor Picto
trp_scotch_deserter_pl|Desertores Pictos
trp_scotch_prison_guard|Guarda Prisional
trp_scotch_prison_guard_pl|Guardas Prisionais
trp_scotch_castle_guard|Guarda de Forte
trp_scotch_castle_guard_pl|Guardas de Fortes
trp_angle_messenger|Mensageiro (Horsweala)
trp_angle_messenger_pl|Mensageiros (Horswealas)
trp_angle_deserter|Desertor Anglo
trp_angle_deserter_pl|Desertores Anglos
trp_angle_prison_guard|Guarda Prisional
trp_angle_prison_guard_pl|Guardas Prisionais
trp_angle_castle_guard|Guarda de Forte
trp_angle_castle_guard_pl|Guardas de Forte
trp_irish_messenger|Mensageiro
trp_irish_messenger_pl|Mensageiros
trp_irish_deserter|Desertor Gaélico
trp_irish_deserter_pl|Desertores Gaélicos
trp_irish_prison_guard|Guarda Prisional
trp_irish_prison_guard_pl|Guardas Prisionais
trp_irish_castle_guard|Guarda de Forte
trp_irish_castle_guard_pl|Guardas de Forte
trp_looter|Rufião
trp_looter_pl|Rufiões
trp_bandit|Salteador
trp_bandit_pl|Salteadores
trp_brigand|Bandoleiro
trp_brigand_pl|Bandoleiros
trp_mountain_bandit|Assaltante
trp_mountain_bandit_pl|Assaltantes
trp_forest_bandit|Bandido
trp_forest_bandit_pl|Bandidos
trp_sea_raider|Ladrão
trp_sea_raider_pl|Ladrões
trp_desert_bandit|Salteador de Estrada
trp_desert_bandit_pl|Salteadores de Estrada
trp_steppe_bandit|Vikingr Northmathr
trp_steppe_bandit_pl|Vikingarnir Northmenn
trp_taiga_bandit|Vikingr
trp_taiga_bandit_pl|Vikingarnir
trp_elite_viking|Vikingr de Elite Danês
trp_elite_viking_pl|Vikingarnir de Elite Danês
trp_elite_viking_2|Vikingr de Elite Svear
trp_elite_viking_2_pl|Vikingarnir de Elite Sviar
trp_sea_raider_leader2|Capitão de Navio
trp_sea_raider_leader2_pl|Capitães
trp_looter_leader2|Bandido Líder
trp_looter_leader2_pl|Bandidos Líderes
trp_manhunter|Jovem Guerreiro
trp_manhunter_pl|Jovens Guerreiros
trp_slave_driver|Condutor de Escravos
trp_slave_driver_pl|Condutores de Escravos
trp_slave_hunter|Caçador de Escravos
trp_slave_hunter_pl|Caçadores de Escravos
trp_slave_crusher|Caçador de Escravos Veterano
trp_slave_crusher_pl|Caçadores de Escravos Veteranos
trp_slaver_chief|Chefe Escravista
trp_slaver_chief_pl|Chefes Escravistas
trp_follower_woman|Mulher em Campanha
trp_follower_woman_pl|Mulheres em Campanha
trp_hunter_woman|Seguidora em Campanha
trp_hunter_woman_pl|Seguidoras em Campanha
trp_fighter_woman|Esposa do Soldado
trp_fighter_woman_pl|Esposas do Soldado
trp_sword_sister|Defensora em Campanha
trp_sword_sister_pl|Defensoras em Campanha
trp_refugee|Pessoa Refugiada
trp_refugee_pl|Pessoas Refugiadas
trp_peasant_woman|Camponesa
trp_peasant_woman_pl|Camponesas
trp_refugeeromanruins|Pessoa Refugiada
trp_refugeeromanruins_pl|Pessoas Refugiadas
trp_peasant_womanromanruins|Camponesa
trp_peasant_womanromanruins_pl|Camponesas
trp_refugeedruid|Pessoa Refugiada
trp_refugeedruid_pl|Pessoas Refugiadas
trp_peasant_womandruid|Camponesa
trp_peasant_womandruid_pl|Camponesas
trp_farmerdruid|Fazendeiro
trp_farmerdruid_pl|Fazendeiros
trp_manhunterdruid|Jovem Guerreiro
trp_manhunterdruid_pl|Bando Jovem
trp_prisionerdruid|Prisioneiro
trp_prisionerdruid_pl|Prisioneiros
trp_quarry_trabajador|Trabalhador
trp_quarry_trabajador_pl|Trabalhadores
trp_quarry_capataz|Capataz
trp_quarry_capataz_pl|Capataz
trp_saltmine_capataz|Capataz
trp_saltmine_capataz_pl|Capataz
trp_lumbercamp_capataz|Capataz de Serraria
trp_lumbercamp_capataz_pl|Capatazes de Serraria
trp_farmstead_boss|Encarregado de Chácara
trp_farmstead_boss_pl|Encarregados de Chácara
trp_bandit_lairmerchant|Bandido Líder
trp_bandit_lairmerchant_pl|Bandidos Líderes
trp_abad|Abade
trp_abad_pl|Abades
trp_monjes|Monge
trp_monjes_pl|Monges
trp_caravan_master|Mestre de Caravana
trp_caravan_master_pl|Mestres de Caravana
trp_kidnapped_girl|Garota Sequestrada
trp_kidnapped_girl_pl|Garotas Sequestradas
trp_town_walker_1|Citadino
trp_town_walker_1_pl|Citadinos
trp_town_walker_2|Citadina
trp_town_walker_2_pl|Citadinas
trp_town_walker_3|Citadino
trp_town_walker_3_pl|Citadinos
trp_town_walker_4|Citadina
trp_town_walker_4_pl|Citadinas
trp_town_walker_5|Citadino
trp_town_walker_5_pl|Citadinos
trp_town_walker_6|Citadina
trp_town_walker_6_pl|Citadinas
trp_town_walker_7|Citadino
trp_town_walker_7_pl|Citadinos
trp_town_walker_8|Citadina
trp_town_walker_8_pl|Citadinas
trp_nino_varon|Criança
trp_nino_varon_pl|Crianças
trp_nina_chica|Criança
trp_nina_chica_pl|Crianças
trp_monk_walker|Monge
trp_monk_walker_pl|Monges
trp_village_walker_1|Camponês
trp_village_walker_1_pl|Camponeses
trp_village_walker_2|Camponês
trp_village_walker_2_pl|Camponeses
trp_village_walker_3|Camponês
trp_village_walker_3_pl|Camponês
trp_village_walker_4|Camponês
trp_village_walker_4_pl|Camponês
trp_village_walker_5|Camponês
trp_village_walker_5_pl|Camponês
trp_village_walker_6|Camponês
trp_village_walker_6_pl|Camponês
trp_village_walker_7|Camponês
trp_village_walker_7_pl|Camponeses
trp_village_walker_8|Camponês
trp_village_walker_8_pl|Camponês
trp_village_walker_1a|Camponês
trp_village_walker_1a_pl|Camponeses
trp_village_walker_3a|Camponês
trp_village_walker_3a_pl|Camponês
trp_village_walker_5a|Camponês
trp_village_walker_5a_pl|Camponês
trp_spy_walker_1|Citadino
trp_spy_walker_1_pl|Citadinos
trp_spy_walker_2|Citadina
trp_spy_walker_2_pl|Citadinas
trp_tournament_master|Mestre deTorneio
trp_tournament_master_pl|Mestres deTorneio
trp_trainer|Treinador
trp_trainer_pl|Treinador
trp_constable_hareck|Guarda Hareck
trp_constable_hareck_pl|Guardas Hareck
; trp_ramun_the_slave_trader|Aethelmaer, the Slaver
; trp_ramun_the_slave_trader_pl|Aethelmaer, the Slaver
trp_guide|Ulric
trp_guide_pl|Ulric
trp_xerina|Anchoret a Pict
trp_xerina_pl|Anchoret
trp_dranton|Niall o Bretão
trp_dranton_pl|Niall
trp_kradus|Uthred o Saxão
trp_kradus_pl|Kradus
trp_tutorial_trainer|Mestre de Terreno de Treino
trp_tutorial_trainer_pl|Mestres de Terreno de Treino
trp_galeas|Balin
trp_galeas_pl|Balin
trp_farmer_from_bandit_village|Fazendeiro
trp_farmer_from_bandit_village_pl|Fazendeiros
trp_trainer_2|Harald
trp_trainer_2_pl|Treinadores
trp_trainer_1|Veterano
trp_trainer_1_pl|Veteranos
trp_trainer_3|Treinador
trp_trainer_3_pl|Treinadores
trp_trainer_4|Treinador
trp_trainer_4_pl|Treinadores
trp_trainer_5|Treinador
trp_trainer_5_pl|Treinadores
trp_ransom_broker_1|Comerciante de Escravos
trp_ransom_broker_1_pl|Comerciantes de Escravos
trp_ransom_broker_2|Comerciante de Escravos
trp_ransom_broker_2_pl|Comerciantes de Escravos
trp_ransom_broker_3|Comerciante de Escravos
trp_ransom_broker_3_pl|Comerciantes de Escravos
trp_ransom_broker_4|Comerciante de Escravos
trp_ransom_broker_4_pl|Comerciantes de Escravos
trp_ransom_broker_5|Comerciante de Escravos
trp_ransom_broker_5_pl|Comerciantes de Escravos
trp_ransom_broker_6|Comerciante de Escravos
trp_ransom_broker_6_pl|Comerciantes de Escravos
trp_ransom_broker_7|Comerciante de Escravos
trp_ransom_broker_7_pl|Comerciantes de Escravos
trp_ransom_broker_8|Comerciante de Escravos
trp_ransom_broker_8_pl|Comerciantes de Escravos
trp_ransom_broker_9|Comerciante de Escravos
trp_ransom_broker_9_pl|Comerciantes de Escravos
trp_ransom_broker_10|Comerciante de Escravos
trp_ransom_broker_10_pl|Comerciantes de Escravos
trp_ransom_broker_20|Comerciante de Escravos
trp_ransom_broker_20_pl|Comerciantes de Escravos
trp_tavern_traveler_1|Viajante
trp_tavern_traveler_1_pl|Viajantes
trp_tavern_traveler_2|Viajante
trp_tavern_traveler_2_pl|Viajantes
trp_tavern_traveler_3|Viajante
trp_tavern_traveler_3_pl|Viajantes
trp_tavern_traveler_4|Viajante
trp_tavern_traveler_4_pl|Viajantes
trp_tavern_traveler_5|Viajante
trp_tavern_traveler_5_pl|Viajantes
trp_tavern_traveler_6|Viajante
trp_tavern_traveler_6_pl|Viajantes
trp_tavern_traveler_7|Viajante
trp_tavern_traveler_7_pl|Viajantes
trp_tavern_traveler_8|Viajante
trp_tavern_traveler_8_pl|Viajantes
trp_tavern_traveler_9|Viajante
trp_tavern_traveler_9_pl|Viajantes
trp_tavern_traveler_10|Viajante
trp_tavern_traveler_10_pl|Viajantes
trp_tavern_bookseller_1|Vendedor de Livros
trp_tavern_bookseller_1_pl|Vendedores de Livros
trp_tavern_bookseller_2|Vendedor de Livros
trp_tavern_bookseller_2_pl|Vendedores de Livros
trp_tavern_minstrel_1|Skald Andarilho
trp_tavern_minstrel_1_pl|Menestrel
trp_tavern_minstrel_2|Bardo Andarilho
trp_tavern_minstrel_2_pl|Menestrel
trp_tavern_minstrel_3|Bardo Andarilho
trp_tavern_minstrel_3_pl|Menestrel
trp_tavern_minstrel_4|Bardo Andarilho
trp_tavern_minstrel_4_pl|Menestrel
trp_tavern_minstrel_5|Bardo Andarilho
trp_tavern_minstrel_5_pl|Menestrel
trp_quastuosa_1|Viúva Feliz
trp_quastuosa_1_pl|quastuosa
trp_quastuosa_2|Viúva Feliz
trp_quastuosa_2_pl|quastuosa
trp_quastuosa_3|Viúva Feliz
trp_quastuosa_3_pl|quastuosa
trp_quastuosa_4|Viúva Feliz
trp_quastuosa_4_pl|quastuosa
trp_quastuosa_5|Viúva Feliz
trp_quastuosa_5_pl|quastuosa
trp_quastuosa_6|Viúva Feliz
trp_quastuosa_6_pl|quastuosa
trp_quastuosa_7|Viúva Feliz
trp_quastuosa_7_pl|quastuosa
trp_quastuosa_end|Viúva Feliz
trp_quastuosa_end_pl|quastuosa
trp_bardo_1|Skald do Reino
trp_bardo_1_pl|Skald
trp_bardo_2|Skald do Reino
trp_bardo_2_pl|Skald
trp_bardo_3|Skald do Reino
trp_bardo_3_pl|Skald
trp_bardo_4|Skald do Reino
trp_bardo_4_pl|Skald
trp_bardo_5|Bardo do Reino
trp_bardo_5_pl|Owain
trp_bardo_6|Bardo do Reino
trp_bardo_6_pl|Bardo
trp_bardo_7|Bardo do Reino
trp_bardo_7_pl|Bardo
trp_bardo_8|Skald do Reino
trp_bardo_8_pl|Skald
trp_bardo_9|Bardo do Reino
trp_bardo_9_pl|Bardo
trp_bardo_10|Bardo do Reino
trp_bardo_10_pl|Bardo
trp_bardo_11|Bardo do Reino
trp_bardo_11_pl|Bardo
trp_bardo_12|Bardo do Reino
trp_bardo_12_pl|Bardo
trp_bardo_13|Bardo do Reino
trp_bardo_13_pl|Bardo
trp_bardo_14|Bardo do Reino
trp_bardo_14_pl|Bardo
trp_bardo_15|Bardo do Reino
trp_bardo_15_pl|Bardo
trp_bardo_16|Bardo do Reino
trp_bardo_16_pl|Bardo
trp_bardo_17|Bardo do Reino
trp_bardo_17_pl|Bardo
trp_bardo_18|Bardo do Reino
trp_bardo_18_pl|Bardo
trp_bardo_19|Bardo do Reino
trp_bardo_19_pl|Bardo
trp_bardo_20|Bardo do Reino
trp_bardo_20_pl|Bardo
trp_bardo_21|Bardo do Reino
trp_bardo_21_pl|Bardo
trp_sacerdote_1|Bispo Cristião
trp_sacerdote_1_pl|Bispos Cristiãos
trp_sacerdote_2|Bispo Ealhheard
trp_sacerdote_2_pl|Sacerdotes
trp_paganop_1|Gothi
trp_paganop_1_pl|Gothar
trp_priest_end|Sacerdote para fins de Ambas
trp_priest_end_pl|sacerdote
trp_especiales_1|Eremita Derfel Gadarn
trp_especiales_1_pl|Especiais
trp_kingdom_heroes_including_player_begin|heróis do reino incluindo início de jogador
trp_kingdom_heroes_including_player_begin_pl|heróis do reino incluindo início de jogador
trp_npc1|Caio
trp_npc1_pl|Caio
trp_npc2|Egil
trp_npc2_pl|Egil
trp_npc3|Brunhild
trp_npc3_pl|Brunhild
trp_npc4|Donnchadh
trp_npc4_pl|Donnchadh
trp_npc5|Morgant
trp_npc5_pl|Morgant
trp_npc6|Bodo
trp_npc6_pl|Bodo
trp_npc7|Dwywei
trp_npc7_pl|Dwywei
trp_npc8|Reginhard
trp_npc8_pl|Reginhard
trp_npc9|Clovis
trp_npc9_pl|Clovis
trp_npc10|Ceawlin
trp_npc10_pl|Ceawlin
trp_npc11|Solveig
trp_npc11_pl|Solveig
trp_npc12|Asbjorn
trp_npc12_pl|Asbjorn
trp_npc13|Helgi
trp_npc13_pl|Helgi
trp_npc14|Ailchu
trp_npc14_pl|Ailchu
trp_npc15|Agathinos
trp_npc15_pl|Agathinos
trp_npc16|Beda
trp_npc16_pl|Beda
trp_kingdom_1_lord|Konungr Horik Gottfredsson
trp_kingdom_1_lord_pl|Horik Gottfredsson
trp_kingdom_2_lord|Konungr Harald Halfdanarson
trp_kingdom_2_lord_pl|Harald Halfdanarson
trp_kingdom_3_lord|Konungr Gudrod Ragnarson
trp_kingdom_3_lord_pl|Gudrod Ragnarson
trp_kingdom_4_lord|Konungr Hrorek Hemmingsson
trp_kingdom_4_lord_pl|Hrorek Hemmingsson
trp_kingdom_5_lord|Brytenwalda Aethelred Aethelwulfing
trp_kingdom_5_lord_pl|Aethelred Aethelwulfing
trp_kingdom_6_lord|Cyning Eadmund Aethelberhting
trp_kingdom_6_lord_pl|Inglês Aethelberhting
trp_kingdom_7_lord|Cyning Brugred Beorhtwulfing
trp_kingdom_7_lord_pl|Brugred Beorhtwulfing
trp_kingdom_8_lord|Jarl Halfdan Ragnarsson
trp_kingdom_8_lord_pl|Halfdan Ragnarsson
trp_kingdom_9_lord|Ri Rhodri map Merfyn
trp_kingdom_9_lord_pl|Rhodri map Merfyn
trp_kingdom_10_lord|Ri Elisedd map Tewdr
trp_kingdom_10_lord_pl|Elisedd map Tewdr
trp_kingdom_11_lord|Ri Arthgal map Dumnagual
trp_kingdom_11_lord_pl|Arthgal map Dumnagual
trp_kingdom_12_lord|Ri Dunyart map Eferferdyn
trp_kingdom_12_lord_pl|Dunyart map Eferferdyn
trp_kingdom_13_lord|Ri Hywel map Rhys
trp_kingdom_13_lord_pl|Hywel map Rhys
trp_kingdom_14_lord|Ruire Lethlobar mac Loingsig
trp_kingdom_14_lord_pl|Lethlobar mac Loingsig
trp_kingdom_15_lord|Ruire Dunlaing mac Muiredaig
trp_kingdom_15_lord_pl|Dunlaing mac Muiredaig
trp_kingdom_16_lord|Ruire Cenn Faelad hua Mugthigirn
trp_kingdom_16_lord_pl|Cenn Faelad hua Mugthigirn
trp_kingdom_17_lord|Ruire Mugron mac Cothaid
trp_kingdom_17_lord_pl|Mugron mac Cothaid
trp_kingdom_18_lord|Ard Ruire Aed mac Niall
trp_kingdom_18_lord_pl|Aed mac Niall
trp_kingdom_19_lord|Ruire Donnchad mac Eochocai
trp_kingdom_19_lord_pl|Donnchad mac Eochocai
trp_kingdom_20_lord|Ruire Causantin mac Cinaeda
trp_kingdom_20_lord_pl|Causantin mac Cinaeda
trp_kingdom_21_lord|Ruire Cerball mac Dunlainge
trp_kingdom_21_lord_pl|Cerball mac Dunlainge
trp_knight_1_1|Jarl Sigifrid Angantyrsson
trp_knight_1_1_pl|Sigifrid Angantyrsson
trp_knight_1_2|Jarl Bagsecg
trp_knight_1_2_pl|Bagsecg
trp_knight_1_3|Jarl Halfdan Angantyrsson
trp_knight_1_3_pl|Halfdan Angantyrsson
; trp_knight_1_4|Hersir Gothormr
; trp_knight_1_4_pl|Gothormr
trp_knight_1_5|Jarl Sigurd Ragnarsson
trp_knight_1_5_pl|Sigurd Ragnarsson
trp_knight_1_6|Hersir Helgi Hvassi
trp_knight_1_6_pl|Helgi Hvassi
trp_knight_2_1|Jarl Guthorm Haraldrsson
trp_knight_2_1_pl|Guthorm Haraldrsson
trp_knight_2_2|Konungr Eirik
trp_knight_2_2_pl|Eirik
trp_knight_2_3|Jarl Kjotvi Hinn Audgi
trp_knight_2_3_pl|Kjotvi Hinn Audgi
trp_knight_2_4|Hersir Ketill Bjornsson
trp_knight_2_4_pl|Ketill Bjornsson
trp_knight_2_5|Hersir Bjorn Ketilsson
trp_knight_2_5_pl|Bjorn Ketilsson
trp_knight_3_1|Jarl Olaf Gudrodrsson
trp_knight_3_1_pl|Olaf Gudrodrsson
trp_knight_3_2|Jarl Ivar Gudrodrsson
trp_knight_3_2_pl|Ivarr Gudrodrsson
trp_knight_3_3|Jarl Asl Gudrodrsson
trp_knight_3_3_pl|Asl Gudrodrsson
trp_knight_3_4|Jarl Orkan
trp_knight_3_4_pl|Orkan
trp_knight_3_5|Jarl Helgi Ketilsson
trp_knight_3_5_pl|Helgi Ketilsson
trp_knight_3_6|Hersir Eystein Olafsson
trp_knight_3_6_pl|Eystein Olafsson
trp_knight_3_7|Hersir Sygtrygg Ivarrsson
trp_knight_3_7_pl|Sygtrygg Ivarrsson
trp_knight_3_8|Hersir Thorstein Olafsson
trp_knight_3_8_pl|Thorstein Olafsson
trp_knight_4_1|Jarl Harald Hemmingsson
trp_knight_4_1_pl|Haraldr Hemmingsson
trp_knight_4_2|Jarl Gotrik Haraldsson
trp_knight_4_2_pl|Gotrik Haraldsson
trp_knight_4_3|Jarl Hrodulf Haraldsson
trp_knight_4_3_pl|Hrodulfr Haraldsson
trp_knight_5_1|Aetheling Aelfred Aethelwulfing
trp_knight_5_1_pl|Aelfred Aethelwulfing
trp_knight_5_2|Ealdorman Aethelmod
trp_knight_5_2_pl|Aethelmod
trp_knight_5_3|Ealdorman Wulfhere
trp_knight_5_3_pl|Wulfhere
trp_knight_5_4|Ealdorman Aelfstan
trp_knight_5_4_pl|Aelfstan
trp_knight_5_5|Ealdorman Cuthred
trp_knight_5_5_pl|Cuthred
trp_knight_5_6|Ealdorman Bucca
trp_knight_5_6_pl|Bucca
trp_knight_5_7|Ealdorman Wulfred
trp_knight_5_7_pl|Wulfred
trp_knight_5_8|Ealdorman Wigstan
trp_knight_5_8_pl|Wigstan
trp_knight_5_9|Ealdorman Sigeberht Sigewulfing
trp_knight_5_9_pl|Sigeberht Sigewulfing
trp_knight_5_10|Ealdorman Garulf
trp_knight_5_10_pl|Garulf
trp_knight_5_11|Dryhten Drihtwald
trp_knight_5_11_pl|Drihtwald
trp_knight_6_1|Ealdorman Oswald
trp_knight_6_1_pl|Oswald
trp_knight_6_2|Ealdorman Aethelred
trp_knight_6_2_pl|Aethelred
trp_knight_6_3|Ealdorman Ealhhere
trp_knight_6_3_pl|Ealhhere
; trp_knight_6_4|Dryhten Eanfrith
trp_knight_6_4_pl|Eanfrith
; trp_knight_6_5|Dryhten Ecgwald
trp_knight_6_5_pl|Ecgwald
trp_knight_7_1|Ealdorman Ceowulf Ceowulfing
trp_knight_7_1_pl|Ceowulf Ceowulfing
trp_knight_7_2|Ealdorman Hereberht
trp_knight_7_2_pl|Hereberht
trp_knight_7_3|Ealdorman Aethelred
trp_knight_7_3_pl|Aethelred
trp_knight_7_4|Ealdorman Aethelred Mucel
trp_knight_7_4_pl|Aethelred Mucel
trp_knight_7_5|Ealdorman Aelfgar
trp_knight_7_5_pl|Aelfgar
trp_knight_7_6|Ealdorman Aethulf
trp_knight_7_6_pl|Aethulf
trp_knight_7_7|Ealdorman Beornoth
trp_knight_7_7_pl|Beornoth
trp_knight_7_8|Ealdorman Sigberth
trp_knight_7_8_pl|Sigberth
trp_knight_7_9|Dryhten Aethelwulf Aethelreding
trp_knight_7_9_pl|Aethelwulf Aethelreding
trp_knight_8_1|Cyning Egbert
trp_knight_8_1_pl|Egbert
trp_knight_8_2|Jarl Rathbarth Ragnarsson
trp_knight_8_2_pl|Rathbarth Ragnarsson
trp_knight_8_3|Ealdorman Ealdred
trp_knight_8_3_pl|Ealdred
trp_knight_8_4|Jarl Sidroc o Ancião
trp_knight_8_4_pl|Sidroc the Elder
trp_knight_8_5|Ealdorman Ricsige
trp_knight_8_5_pl|Ricsige
trp_knight_8_6|Ealdorman Egbert o Segundo
trp_knight_8_6_pl|Egbert the Second
trp_knight_8_7|Jarl Bjorn Ragnarsson
trp_knight_8_7_pl|Bjorn Jarnsida
trp_knight_8_8|Hersir Guthred Knutr
trp_knight_8_8_pl|Guthred Knutr
trp_knight_8_9|Hersir Rognvald
trp_knight_8_9_pl|Rognvald
trp_knight_8_10|Hersir Harald
trp_knight_8_10_pl|Harald
trp_knight_8_11|Hersir Sidroc o Jovem
trp_knight_8_11_pl|Sidroc o Jovem
trp_knight_8_12|Hersir Fraena
trp_knight_8_12_pl|Fraena
trp_knight_8_13|Jarl Ivarr Inn Beinlaussi
trp_knight_8_13_pl|Ivarr Inn Beinlaussi
trp_knight_8_14|Jarl Hubbi Ragnarsson
trp_knight_8_14_pl|Hubbi Ragnarsson
trp_knight_8_15|Konungr Bagsecg
trp_knight_8_15_pl|Bagsecg
trp_knight_9_1|Mael Anarawd map Rhodri
trp_knight_9_1_pl|Anarawd map Rhodri
trp_knight_9_2|Mael Cadell map Rhodri
trp_knight_9_2_pl|Cadell map Rhodri
trp_knight_9_3|Mael Merfyn map Rhodri
trp_knight_9_3_pl|Merfyn map Rhodri
trp_knight_9_4|Ri Gwgon map Meurig
trp_knight_9_4_pl|Gwgon map Meurig
trp_knight_9_5|Guledic Gwriad map Merfyn
trp_knight_9_5_pl|Gwriad map Merfyn
trp_knight_9_6|Mael Tudwal map Rhodri
trp_knight_9_6_pl|Tudwal map Rhodri
trp_knight_9_7|Guledic Hyfaidd map Bleddri
trp_knight_9_7_pl|Hyfaidd map Bleddri
; trp_knight_9_8|Tiern Ffernfael ab Meurig
; trp_knight_9_8_pl|Ffernfael ab Meurig
trp_knight_9_9|Tiern Llofan map Cilmin Broetu
trp_knight_9_9_pl|Llofan map Cilmin Broetu
trp_knight_10_1|Mael Guledic
trp_knight_10_1_pl|Guledic
trp_knight_11_1|Mael Rhun map Arthgal
trp_knight_11_1_pl|Rhun map Arthgal
trp_knight_11_2|Mael Echou map Rhun
trp_knight_11_2_pl|Echou map Rhun
trp_knight_11_3|Guledic Dyfnwal map Rhun
trp_knight_11_3_pl|Dyfnwal map Rhun
trp_knight_11_4|Guledic Giric Map Rath
trp_knight_11_4_pl|Giric map Rath
; trp_knight_11_5|Mael Cynon map Cyndrwyn
trp_knight_11_5_pl|Cynon map Cyndrwyn
; trp_knight_11_6|Mael Gwion map Cyndrwyn
trp_knight_11_6_pl|Gwion map Cyndrwyn
; trp_knight_11_7|Mael Madoc map Cadell
trp_knight_11_7_pl|Madoc map Cadell
; trp_knight_11_8|Mael Caradoc map Riwall
trp_knight_11_8_pl|Caradoc map Riwall
trp_knight_12_1|Guledic Eliud map Eferferdyn
trp_knight_12_1_pl|Eliud map Eferferdyn
trp_knight_12_2|Guledic Alanorus map Eliud
trp_knight_12_2_pl|Alanorus map Eliud
trp_knight_12_3|Mael Ricatus map Dunyart
trp_knight_12_3_pl|Ricatus map Dunyart
trp_knight_13_1|Guledic Meurig map Arthfael
trp_knight_13_1_pl|Meurig map Arthfael
trp_knight_13_2|Mael Owain map Hywel
trp_knight_13_2_pl|Owain map Hywel
trp_knight_13_3|Tiern Brochwael map Meurig
trp_knight_13_3_pl|Brochwael map Meurig
trp_knight_14_1|Mael Cathalan mac Indrechtaig
trp_knight_14_1_pl|Cathalan mac Indrechtaig
trp_knight_14_2|Mael Conallan mac Duin
trp_knight_14_2_pl|Conallan mac Duin
trp_knight_14_3|Ard Tiarna Mocheirge mac Indrechtaig
trp_knight_14_3_pl|Mocheirge mac Indrechtaig
trp_knight_14_4|Tiarna Ainbith mac Aedo
trp_knight_14_4_pl|Ainbith mac Aedo
trp_knight_14_5|Tiarna Cummascach mac Cathalan
trp_knight_14_5_pl|Cummascach mac Cathalan
trp_knight_15_1|Ard Tiarna Ailill mac Dunlainge
trp_knight_15_1_pl|Ailill mac Dunlainge
trp_knight_15_2|Ard Tiarna Cairpre mac Dunlainge
trp_knight_15_2_pl|Cairpre mac Dunlainge
trp_knight_15_3|Tiarna Muiredach mac Brain
trp_knight_15_3_pl|Muiredach mac Brain
trp_knight_15_4|Tiarna Domnall mac Muirecain
trp_knight_15_4_pl|Domnall mac Muirecain
trp_knight_15_5|Tiarna Cerball mac Muirecain
trp_knight_15_5_pl|Cerball mac Muirecain
trp_knight_15_6|Tiarna Augaire mac Ailella
trp_knight_15_6_pl|Augaire mac Ailella
trp_knight_16_1|Ard Tiarna Dunchad mac Dub da Bairenn
trp_knight_16_1_pl|Dunchad mac Dub da Bairenn
trp_knight_16_2|Ard Tiarna Dub Lachtnai mac Gualu
trp_knight_16_2_pl|Dub Lachtnai mac Gualu
trp_knight_16_3|Tiarna Foghartach mac Suibhne
trp_knight_16_3_pl|Foghartach mac Suibhne
trp_knight_16_4|Tiarna Longbortan mac Finnachta
trp_knight_16_4_pl|Longbortan mac Finnachta
trp_knight_16_5|Tiarna Reachtabhra macBran Finn
trp_knight_16_5_pl|Reachtabhra macBran Finn
trp_knight_16_6|Tiarna Colman mac Cionaith
trp_knight_16_6_pl|Colman mac Cionaith
trp_knight_17_1|Mael Conchobar mac Taidg Mor
trp_knight_17_1_pl|Conchobar mac Taidg Mor
trp_knight_17_2|Tiarna Aedh mac Conchobar
trp_knight_17_2_pl|Aedh mac Conchobar
trp_knight_17_3|Tiarna Tadg mac Conchobar
trp_knight_17_3_pl|Tadg mac Conchobar
trp_knight_17_4|Tiarna Finshnechta mac Corcrai
trp_knight_17_4_pl|Finshnechta mac Corcrai
trp_knight_17_5|Tiarna Dobhailen mac Gormghus
trp_knight_17_5_pl|Dobhailen mac Gormghus
trp_knight_17_6|Tiarna Cathal mac Conchobar
trp_knight_17_6_pl|Cathal mac Conchobar
trp_knight_18_1|Mael Domnall mac Aeda
trp_knight_18_1_pl|Domnall mac Aeda
trp_knight_18_2|Mael Dabaill
trp_knight_18_2_pl|Dabaill
trp_knight_18_3|Mael Dub mac Aeda
trp_knight_18_3_pl|Dub mac Aeda
trp_knight_18_4|Ruire Congalach mac Finnachta
trp_knight_18_4_pl|Congalach mac Finnachta
trp_knight_18_5|Tiarna Cummascach mac Muiredaig
trp_knight_18_5_pl|Cummascach mac Muiredaig
trp_knight_18_6|Mael Padraig mac Curarada
trp_knight_18_6_pl|Padraig mac Curarada
trp_knight_18_7|Tiarna Laidhgnen mac Donnagain
trp_knight_18_7_pl|Laidhgnen mac Donnagain
trp_knight_19_1|Mael Sechnaill mac Niall
trp_knight_19_1_pl|Sechnaill mac Niall
trp_knight_19_2|Mael Diarmait mac Etersceili
trp_knight_19_2_pl|Diarmait mac Etersceili
trp_knight_19_3|Mael Flann Sinna mac Sechnaill
trp_knight_19_3_pl|Flann Sinna mac Sechnaill
trp_knight_19_4|Tiarna Flann mac Conaing
trp_knight_19_4_pl|Flann mac Conaing
; trp_knight_19_5|Mael Conall mac Echach
trp_knight_19_5_pl|Conall mac Echach
trp_knight_20_1|Mael Domnall dasachtach mac Causantin
trp_knight_20_1_pl|Domnall dasachtach mac Causantin
trp_knight_20_2|Ard Tiarna Aed mac Cinaeda
trp_knight_20_2_pl|Aed mac Cinaeda
trp_knight_20_3|Tiarna Causantin mac Aeda
trp_knight_20_3_pl|Causantin mac Aeda
trp_knight_20_4|Tiarna Domhall mac Aeda
trp_knight_20_4_pl|Domhall mac Aeda
trp_knight_20_5|Mael Coluim mac Domnall
trp_knight_20_5_pl|Coluim mac Domnall
trp_knight_20_6|Domlech
trp_knight_20_6_pl|Domlech
trp_knight_20_7|Entifidach
trp_knight_20_7_pl|Entifidach
trp_knight_20_8|Lugthreni
trp_knight_20_8_pl|Lugthreni
trp_knight_21_1|Mael Diarmait mac Cerbaill
trp_knight_21_1_pl|Diarmait mac Cerbaill
trp_knight_21_2|Mael Cellach mac Cerbaill
trp_knight_21_2_pl|Cellach mac Cerbaill
trp_knight_21_3|Ard Tiarna Riacan mac Dunlainge
trp_knight_21_3_pl|Riacan mac Dunlainge
trp_kingdom_1_pretender|Jarl Thorgil
trp_kingdom_1_pretender_pl|Thorgil
trp_kingdom_2_pretender|Ard Tiarna Dungal
trp_kingdom_2_pretender_pl|Dungal
trp_kingdom_3_pretender|Aetheling Oswine
trp_kingdom_3_pretender_pl|Oswine
trp_kingdom_4_pretender|Aetheling Ceorl
trp_kingdom_4_pretender_pl|Ceorl
trp_kingdom_5_pretender|Tanist Bili
trp_kingdom_5_pretender_pl|Bili
trp_kingdom_6_pretender|Mael Elisedd ap Cyngen
trp_kingdom_6_pretender_pl|Elisedd ap Cyngen
trp_knight_1_1_wife|Error - knight 1 1 wife should not appear in game
trp_knight_1_1_wife_pl|knight 1 1 wife
trp_kingdom_1_lady_1|Lady Aslaug
trp_kingdom_1_lady_1_pl|Lady Oslafa
trp_kingdom_1_lady_2|Lady Blaeja
trp_kingdom_1_lady_2_pl|Lady Blaeja
trp_kingdom_1_lady_3|Lady Ragnhild Ragnarsdottir
trp_kingdom_1_lady_3_pl|Lady Ragnhild Ragnarsdottir
trp_kingdom_1_lady_4|Lady Ingun
trp_kingdom_1_lady_4_pl|Lady Ingun
trp_kingdom_2_lady_1|Lady Gyda Eirikdottir
trp_kingdom_2_lady_1_pl|Lady Gyda
trp_kingdom_2_lady_2|Lady Yngvild
trp_kingdom_2_lady_2_pl|Lady Yngvild
trp_kingdom_2_lady_3|Lady Thorunn Ketilsdottir
trp_kingdom_2_lady_3_pl|Lady Thorunn
trp_kingdom_2_lady_4|Lady Hallbera
trp_kingdom_2_lady_4_pl|Lady Hallbera
trp_kingdom_3_lady_1|Lady Salbjorg
trp_kingdom_3_lady_1_pl|Lady Salbjorg
trp_kingdom_3_lady_2|Lady Bera
trp_kingdom_3_lady_2_pl|Lady Bera
trp_kingdom_3_lady_3|Lady Grunnhild
trp_kingdom_3_lady_3_pl|Lady Grunnhild
trp_kingdom_3_lady_4|Lady Asgerd
trp_kingdom_3_lady_4_pl|Lady Asgerd
trp_kingdom_4_lady_1|Lady Helga
trp_kingdom_4_lady_1_pl|Lady Helga
trp_kingdom_4_lady_2|Lady Asfrid
trp_kingdom_4_lady_2_pl|Lady Asfrid
trp_kingdom_4_lady_3|Lady Ingibjorg
trp_kingdom_4_lady_3_pl|Lady Ingibjorg
trp_kingdom_4_lady_4|Lady Sacun
trp_kingdom_4_lady_4_pl|Lady Sacun
trp_kingdom_5_lady_1|Lady Osburh
trp_kingdom_5_lady_1_pl|Lady Osburh
trp_kingdom_5_lady_2|Lady Wulfthryth
trp_kingdom_5_lady_2_pl|Lady Wulfthryth
trp_kingdom_5_lady_3|Lady Ealswith
trp_kingdom_5_lady_3_pl|Lady Ealswith
trp_kingdom_5_lady_4|Lady Aelswith
trp_kingdom_5_lady_4_pl|Lady Aelswith
trp_kingdom_5_lady_5|Lady Aelflaed
trp_kingdom_5_lady_5_pl|Lady Aelflaed
trp_kingdom_5_lady_6|Lady Eormengyth
trp_kingdom_5_lady_6_pl|Lady Eormengyth
trp_kingdom_5_lady_7|Lady Aelfwynne
trp_kingdom_5_lady_7_pl|Lady Aelfwynne
trp_kingdom_6_lady_1|Lady Edith
trp_kingdom_6_lady_1_pl|Lady Edith
trp_kingdom_6_lady_2|Lady Edburge
trp_kingdom_6_lady_2_pl|Lady Edburge
trp_kingdom_6_lady_3|Lady Adelburga
trp_kingdom_6_lady_3_pl|Lady Adelburga
trp_kingdom_6_lady_4|Lady Hild
trp_kingdom_6_lady_4_pl|Lady Hild
trp_kingdom_7_lady_1|Lady Aethelswith
trp_kingdom_7_lady_1_pl|Lady Aethelswith
trp_kingdom_7_lady_2|Lady Eadburh
trp_kingdom_7_lady_2_pl|Lady Eadburh
trp_kingdom_7_lady_3|Lady Aedgyth
trp_kingdom_7_lady_3_pl|Lady Aedgyth
trp_kingdom_7_lady_4|Lady Cyneswith
trp_kingdom_7_lady_4_pl|Lady Cyneswith
trp_kingdom_7_lady_5|Lady Alwith
trp_kingdom_7_lady_5_pl|Lady Alwith
trp_kingdom_7_lady_6|Lady Aedelfled
trp_kingdom_7_lady_6_pl|Lady Aedelfled
trp_kingdom_7_lady_7|Lady Aepelhilde
trp_kingdom_7_lady_7_pl|Aepelhilde
trp_kingdom_7_lady_8|Lady Aepelswip
trp_kingdom_7_lady_8_pl|Lady Aepelswip
trp_kingdom_7_lady_9|Lady Aette
trp_kingdom_7_lady_9_pl|Lady Aette
trp_kingdom_8_lady_1|Lady Alof Ragnarsdottir
trp_kingdom_8_lady_1_pl|Lady Alof
trp_kingdom_8_lady_2|Lady Eanflaed
trp_kingdom_8_lady_2_pl|Lady Eanflaed
trp_kingdom_8_lady_3|Lady Freydis
trp_kingdom_8_lady_3_pl|Lady Freydis
trp_kingdom_8_lady_4|Lady Gudrun
trp_kingdom_8_lady_4_pl|Lady Gudrun
trp_kingdom_8_lady_5|Lady Sigrid
trp_kingdom_8_lady_5_pl|Lady Sigrid
trp_kingdom_8_lady_6|Lady Svanhild
trp_kingdom_8_lady_6_pl|Lady Svanhild
trp_kingdom_8_lady_7|Lady Sigrunn
trp_kingdom_8_lady_7_pl|Lady Sigrunn
trp_kingdom_8_lady_8|Lady Turid
trp_kingdom_8_lady_8_pl|Lady Turid
trp_kingdom_8_lady_9|Lady Aebbe
trp_kingdom_8_lady_9_pl|Lady Aebbe
trp_kingdom_9_lady_1|Lady Angharad verch Meurig
trp_kingdom_9_lady_1_pl|Lady Angharad
trp_kingdom_9_lady_2|Lady Elen verch Rhodri
trp_kingdom_9_lady_2_pl|Lady Elen
trp_kingdom_9_lady_3|Lady Creirwy
trp_kingdom_9_lady_3_pl|Lady Creirwy
trp_kingdom_9_lady_4|Lady Nest verch Rhodri
trp_kingdom_9_lady_4_pl|Lady Nest
trp_kingdom_9_lady_5|Lady Lleigy
trp_kingdom_9_lady_5_pl|Lady Lleigy
trp_kingdom_9_lady_6|Lady Anna
trp_kingdom_9_lady_6_pl|Lady Anna
trp_kingdom_10_lady_1|Lady Marwenna
trp_kingdom_10_lady_1_pl|Lady Marwenna
trp_kingdom_10_lady_2|Lady Gwenonwy
trp_kingdom_10_lady_2_pl|Lady Gwenonwy
trp_kingdom_10_lady_3|Lady Gweneddlon
trp_kingdom_10_lady_3_pl|Lady Gweneddlon
trp_kingdom_11_lady_1|Lady Verh Cinaed
trp_kingdom_11_lady_1_pl|Lady Verh Cinaed
trp_kingdom_11_lady_2|Lady Brifael
trp_kingdom_11_lady_2_pl|Lady Brifael
trp_kingdom_11_lady_3|Lady Ceindrych
trp_kingdom_11_lady_3_pl|Lady Ceindrych
trp_kingdom_11_lady_4|Lady Morgawse
trp_kingdom_11_lady_4_pl|Lady Morgawse
trp_kingdom_12_lady_1|Lady Meisyr
trp_kingdom_12_lady_1_pl|Lady Meisyr
trp_kingdom_12_lady_2|Lady Heledd
trp_kingdom_12_lady_2_pl|Lady Heledd
trp_kingdom_12_lady_3|Lady Ffever
trp_kingdom_12_lady_3_pl|Lady Ffever
trp_kingdom_12_lady_4|Lady Medlan
trp_kingdom_12_lady_4_pl|Lady Medlan
trp_kingdom_13_lady_1|Lady Rhiain Ceinfrid
trp_kingdom_13_lady_1_pl|Lady Ceinfrid
trp_kingdom_13_lady_2|Lady Meddwyl
trp_kingdom_13_lady_2_pl|Lady Meddwyl
trp_kingdom_13_lady_3|Lady Gwladus
trp_kingdom_13_lady_3_pl|Lady Gwladus
trp_kingdom_14_lady_1|Lady Muireann
trp_kingdom_14_lady_1_pl|Lady Muireann
trp_kingdom_14_lady_2|Lady Medb
trp_kingdom_14_lady_2_pl|Lady Medb
trp_kingdom_14_lady_3|Lady Creide
trp_kingdom_14_lady_3_pl|Lady Creide
trp_kingdom_14_lady_4|Lady Derbforgaill
trp_kingdom_14_lady_4_pl|Lady Derbforgaill
trp_kingdom_15_lady_1|Lady Mhari
trp_kingdom_15_lady_1_pl|Lady Mhari
trp_kingdom_15_lady_2|Lady Mall
trp_kingdom_15_lady_2_pl|Lady Mall
trp_kingdom_15_lady_3|Lady Teglaig
trp_kingdom_15_lady_3_pl|Lady Teglaig
trp_kingdom_15_lady_4|Lady Lassa
trp_kingdom_15_lady_4_pl|Lady Lassa
trp_kingdom_16_lady_1|Lady Cath
trp_kingdom_16_lady_1_pl|Lady Cath
trp_kingdom_16_lady_2|Lady Lassair
trp_kingdom_16_lady_2_pl|Lady Lassair
trp_kingdom_16_lady_3|Lady Duinseach
trp_kingdom_16_lady_3_pl|Lady Duinseach
trp_kingdom_16_lady_4|Lady Eva
trp_kingdom_16_lady_4_pl|Lady Eva
trp_kingdom_16_lady_5|Lady Doirend
trp_kingdom_16_lady_5_pl|Lady Doirend
trp_kingdom_16_lady_6|Lady Delbchaem
trp_kingdom_16_lady_6_pl|Lady Delbchaem
trp_kingdom_17_lady_1|Lady Caelfind
trp_kingdom_17_lady_1_pl|Lady Caelfind
trp_kingdom_17_lady_2|Lady Briana
trp_kingdom_17_lady_2_pl|Lady Briana
trp_kingdom_17_lady_3|Lady Binne
trp_kingdom_17_lady_3_pl|Lady Binne
trp_kingdom_17_lady_4|Lady Aoibheann
trp_kingdom_17_lady_4_pl|Lady Aoibheann
trp_kingdom_17_lady_5|Lady Aodhnait
trp_kingdom_17_lady_5_pl|Lady Aodhnait
trp_kingdom_17_lady_6|Lady Almu
trp_kingdom_17_lady_6_pl|Lady Almu
trp_kingdom_18_lady_1|Lady Fedelm
trp_kingdom_18_lady_1_pl|Lady Fedelm
trp_kingdom_18_lady_2|Lady Uaisle
trp_kingdom_18_lady_2_pl|Lady Uaisle
trp_kingdom_18_lady_3|Lady Condadil
trp_kingdom_18_lady_3_pl|Lady Condadil
trp_kingdom_18_lady_4|Lady Flannesda
trp_kingdom_18_lady_4_pl|Lady Flannesda
trp_kingdom_18_lady_5|Lady Mor
trp_kingdom_18_lady_5_pl|Lady Mor
trp_kingdom_18_lady_6|Lady Aine
trp_kingdom_18_lady_6_pl|Lady Aine
trp_kingdom_19_lady_1|Lady Muire ingen Cinaeda
trp_kingdom_19_lady_1_pl|Lady Muire
trp_kingdom_19_lady_2|Lady Gormlaith
trp_kingdom_19_lady_2_pl|Lady Gormlaith
trp_kingdom_19_lady_3|Lady Eithne
trp_kingdom_19_lady_3_pl|Lady Eithne
trp_kingdom_19_lady_4|Lady Lann
trp_kingdom_19_lady_4_pl|Lady Lann
trp_kingdom_19_lady_5|Lady Etain
trp_kingdom_19_lady_5_pl|Lady Etain
trp_kingdom_20_lady_1|Lady Coluim
trp_kingdom_20_lady_1_pl|Lady Coluim
trp_kingdom_20_lady_2|Lady Sabhdh Ingen Giric
trp_kingdom_20_lady_2_pl|Lady Sabhdh Ingen Giric
trp_kingdom_20_lady_3|Lady Ingen Brude
trp_kingdom_20_lady_3_pl|Lady Ingen Brude
trp_kingdom_20_lady_4|Lady Ingen Domlech
trp_kingdom_20_lady_4_pl|Lady Ingen Domlech
trp_kingdom_20_lady_5|Lady Ingen Gwydd
trp_kingdom_20_lady_5_pl|Lady Ingen Gwydd
trp_kingdom_20_lady_6|Lady Bridei
trp_kingdom_20_lady_6_pl|Lady Bridei
trp_kingdom_20_lady_7|Lady Muire
trp_kingdom_20_lady_7_pl|Lady Muire
trp_kingdom_21_lady_1|Lady Aideen
trp_kingdom_21_lady_1_pl|Lady Aideen
trp_kingdom_21_lady_2|Lady Ethna
trp_kingdom_21_lady_2_pl|Lady Ethna
trp_town_1_seneschal|Cronista Nórdico
trp_town_1_seneschal_pl|Cronista
trp_town_2_seneschal|Cronista Bretão
trp_town_2_seneschal_pl|Cronista
trp_town_3_seneschal|Cronista Gaélico
trp_town_3_seneschal_pl|Cronista
trp_town_4_seneschal|Cronista Anglo
trp_town_4_seneschal_pl|Cronista
trp_town_25_seneschal|Mael Bresail
trp_castle_1_seneschal|Fabricário do Forte
trp_castle_2_seneschal|Fabricário do Forte
trp_castle_3_seneschal|Fabricário do Forte
trp_castle_4_seneschal|Fabricário do Forte
trp_castle_5_seneschal|Fabricário do Forte
trp_castle_6_seneschal|Fabricário do Forte
trp_castle_7_seneschal|Fabricário do Forte
trp_castle_8_seneschal|Fabricário do Forte
trp_castle_9_seneschal|Fabricário do Forte
trp_castle_10_seneschal|Fabricário do Forte
trp_castle_11_seneschal|Fabricário do Forte
trp_castle_12_seneschal|Fabricário do Forte
trp_castle_13_seneschal|Fabricário do Forte
trp_castle_14_seneschal|Fabricário do Forte
trp_castle_15_seneschal|Fabricário do Forte
trp_castle_16_seneschal|Fabricário do Forte
trp_castle_17_seneschal|Fabricário do Forte
trp_castle_18_seneschal|Fabricário do Forte
trp_castle_19_seneschal|Fabricário do Forte
trp_castle_20_seneschal|Fabricário do Forte
trp_castle_21_seneschal|Fabricário do Forte
trp_castle_22_seneschal|Fabricário do Forte
trp_castle_23_seneschal|Fabricário do Forte
trp_castle_24_seneschal|Fabricário do Forte
trp_castle_25_seneschal|Fabricário do Forte
trp_castle_26_seneschal|Fabricário do Forte
trp_castle_27_seneschal|Fabricário do Forte
trp_castle_28_seneschal| Fabricário do Forte
trp_castle_29_seneschal|Fabricário do Forte
trp_castle_30_seneschal|Fabricário do Forte
trp_castle_31_seneschal|Fabricário do Forte
trp_castle_32_seneschal|Fabricário do Forte
trp_castle_33_seneschal|Fabricário do Forte
trp_castle_34_seneschal|Fabricário do Forte
trp_castle_35_seneschal|Fabricário do Forte
trp_castle_36_seneschal|Fabricário do Forte
trp_castle_37_seneschal|Fabricário do Forte
trp_castle_38_seneschal|Fabricário do Forte
trp_castle_39_seneschal|Fabricário do Forte
trp_castle_40_seneschal|Fabricário do Forte
trp_castle_41_seneschal|Fabricário do Forte
trp_castle_42_seneschal|Fabricário do Forte
trp_castle_43_seneschal|Fabricário do Forte
trp_castle_44_seneschal|Fabricário do Forte
trp_castle_45_seneschal|Fabricário do Forte
trp_castle_46_seneschal|Fabricário do Forte
trp_castle_47_seneschal|Fabricário do Forte
trp_castle_48_seneschal|Fabricário do Forte
trp_castle_49_seneschal|Fabricário do Forte
trp_castle_50_seneschal|Fabricário do Forte
trp_castle_51_seneschal|Fabricário do Forte
trp_castle_52_seneschal|Fabricário do Forte
trp_castle_53_seneschal|Fabricário do Forte
trp_castle_54_seneschal|Fabricário do Forte
trp_castle_55_seneschal|Fabricário do Forte
trp_castle_56_seneschal|Fabricário do Forte
trp_castle_57_seneschal|Fabricário do Forte
trp_castle_58_seneschal|Fabricário do Forte
trp_castle_59_seneschal|Fabricário do Forte
trp_castle_60_seneschal|Fabricário do Forte
trp_castle_61_seneschal|Fabricário do Forte
trp_castle_62_seneschal|Fabricário do Forte
trp_castle_63_seneschal|Fabricário do Forte
trp_castle_64_seneschal|Fabricário do Forte
trp_castle_65_seneschal|Fabricário do Forte
trp_castle_66_seneschal|Fabricário do Forte
trp_castle_67_seneschal|Fabricário do Forte
trp_castle_68_seneschal|Fabricário do Forte
trp_castle_69_seneschal|Fabricário do Forte
trp_castle_70_seneschal|Fabricário do Forte
trp_castle_71_seneschal|Fabricário do Forte
trp_castle_72_seneschal|Fabricário do Forte
trp_castle_73_seneschal|Fabricário do Forte
trp_castle_74_seneschal|Fabricário do Forte
trp_castle_75_seneschal|Fabricário do Forte
trp_castle_76_seneschal|Fabricário do Forte
trp_castle_77_seneschal|Fabricário do Forte
trp_castle_78_seneschal|Fabricário do Forte
trp_castle_79_seneschal|Fabricário do Forte
trp_castle_80_seneschal|Fabricário do Forte
trp_castle_81_seneschal|Fabricário do Forte
trp_castle_82_seneschal|Fabricário do Forte
trp_castle_83_seneschal|Fabricário do Forte
trp_castle_84_seneschal|Fabricário do Forte
trp_castle_85_seneschal|Fabricário do Forte
trp_castle_86_seneschal|Fabricário do Forte
trp_castle_87_seneschal|Fabricário do Forte
trp_castle_88_seneschal|Fabricário do Forte
trp_castle_89_seneschal|Fabricário do Forte
trp_castle_90_seneschal|Fabricário do Forte
trp_castle_91_seneschal|Fabricário do Forte
trp_town_1_arena_master|Mestre de Competição
trp_town_2_arena_master|Mestre de Competição
trp_town_3_arena_master|Mestre de Competição
trp_town_4_arena_master|Mestre de Competição
trp_town_5_arena_master|Mestre de Competição
trp_town_6_arena_master|Mestre de Competição
trp_town_7_arena_master|Mestre de Competição
trp_town_8_arena_master|Mestre de Competição
trp_town_9_arena_master|Mestre de Competição
trp_town_10_arena_master|Mestre de Competição
trp_town_11_arena_master|Mestre de Competição
trp_town_12_arena_master|Mestre de Competição
trp_town_13_arena_master|Mestre de Competição
trp_town_14_arena_master|Mestre de Competição
trp_town_15_arena_master|Mestre de Competição
trp_town_16_arena_master|Mestre de Competição
trp_town_17_arena_master|Mestre de Competição
trp_town_18_arena_master|Mestre de Competição
trp_town_19_arena_master|Mestre de Competição
trp_town_20_arena_master|Mestre de Competição
trp_town_21_arena_master|Mestre de Competição
trp_town_22_arena_master|Mestre de Competição
trp_town_23_arena_master|Mestre de Competição
trp_town_24_arena_master|Mestre de Competição
trp_town_25_arena_master|Mestre de Competição
trp_town_26_arena_master|Mestre de Competição
trp_town_27_arena_master|Mestre de Competição
trp_town_28_arena_master|Mestre de Competição
trp_town_29_arena_master|Mestre de Competição
trp_town_1_armorer|Armeiro
trp_town_2_armorer|Armadureiro
trp_town_3_armorer|Armadureiro
trp_town_4_armorer|Armadureiro
trp_town_5_armorer|Armadureiro
trp_town_6_armorer|Armadureiro
trp_town_7_armorer|Armadureiro
trp_town_8_armorer|Armadureiro
trp_town_9_armorer|Armadureiro
trp_town_10_armorer|Armadureiro
trp_town_11_armorer|Armadureiro
trp_town_12_armorer|Armadureiro
trp_town_13_armorer|Armadureiro
trp_town_14_armorer|Eadwine O Armadureiro
trp_town_15_armorer|Donnchadh O Armadureiro
trp_town_16_armorer|Paega O Armadureiro
trp_town_17_armorer|Lifris O Armadureiro
trp_town_18_armorer|Fearchair O Armadureiro
trp_town_19_armorer|Armadureiro
trp_town_20_armorer|Armadureiro
trp_town_21_armorer|Armadureiro
trp_town_22_armorer|Armadureiro
trp_town_23_armorer|Armadureiro
trp_town_24_armorer|Armadureiro
trp_town_25_armorer|Armadureiro
trp_town_26_armorer|Armadureiro
trp_town_27_armorer|Armadureiro
trp_town_28_armorer|Armadureiro
trp_town_29_armorer|Armadureiro
trp_town_30_armorer|Ingleri
trp_town_1_weaponsmith|Armeiro
trp_town_2_weaponsmith|Armeiro
trp_town_3_weaponsmith|Armeiro
trp_town_4_weaponsmith|Armeiro
trp_town_5_weaponsmith|Atli O Armeiro
trp_town_6_weaponsmith|Harenbili O Armeiro
trp_town_7_weaponsmith|Egil O Armeiro
trp_town_8_weaponsmith|Godgyfu O Armeiro
trp_town_9_weaponsmith|Uormuin O Armeiro
trp_town_10_weaponsmith|Armeiro
trp_town_11_weaponsmith|Armeiro
trp_town_12_weaponsmith|Armeiro
trp_town_13_weaponsmith|Armeiro
trp_town_14_weaponsmith|Armeiro
trp_town_15_weaponsmith|Armeiro
trp_town_16_weaponsmith|Armeiro
trp_town_17_weaponsmith|Armeiro
trp_town_18_weaponsmith|Armeiro
trp_town_19_weaponsmith|Armeiro
trp_town_20_weaponsmith|Armeiro
trp_town_21_weaponsmith|Armeiro
trp_town_22_weaponsmith|Armeiro
trp_town_23_weaponsmith|Armeiro
trp_town_24_weaponsmith|Armeiro
trp_town_25_weaponsmith|Armeiro
trp_town_26_weaponsmith|Armeiro
trp_town_27_weaponsmith|Armeiro
trp_town_28_weaponsmith|Armeiro
trp_town_29_weaponsmith|Armeiro
trp_town_30_weaponsmith|Ulfberht
trp_town_31_weaponsmith|Weland
trp_town_1_tavernkeeper|Hospedeiro
trp_town_2_tavernkeeper|Hospedeiro
trp_town_3_tavernkeeper|Hospedeiro
trp_town_4_tavernkeeper|Hospedeiro
trp_town_5_tavernkeeper|Hospedeiro
trp_town_6_tavernkeeper|Hospedeiro
trp_town_7_tavernkeeper|Hospedeiro
trp_town_8_tavernkeeper|Hospedeiro
trp_town_9_tavernkeeper|Hospedeiro
trp_town_10_tavernkeeper|Hospedeiro
trp_town_11_tavernkeeper|Hospedeiro
trp_town_12_tavernkeeper|Hospedeiro
trp_town_13_tavernkeeper|Hospedeiro
trp_town_14_tavernkeeper|Hospedeiro
trp_town_15_tavernkeeper|Hospedeiro
trp_town_16_tavernkeeper|Hospedeiro
trp_town_17_tavernkeeper|Hospedeiro
trp_town_18_tavernkeeper|Hospedeiro
trp_town_19_tavernkeeper|Hospedeiro
trp_town_20_tavernkeeper|Hospedeiro
trp_town_21_tavernkeeper|Hospedeiro
trp_town_22_tavernkeeper|Hospedeiro
trp_town_23_tavernkeeper|Hospedeiro
trp_town_24_tavernkeeper|Hospedeiro
trp_town_25_tavernkeeper|Hospedeiro
trp_town_26_tavernkeeper|Hospedeiro
trp_town_27_tavernkeeper|Hospedeiro
trp_town_28_tavernkeeper|Hospedeiro
trp_town_29_tavernkeeper|Hospedeiro
trp_town_30_tavernkeeper|Casius
trp_town_1_merchant|Comerciante
trp_town_2_merchant|Comerciante
trp_town_3_merchant|Comerciante
trp_town_4_merchant|Comerciante
trp_town_5_merchant|Comerciante
trp_town_6_merchant|Comerciante
trp_town_7_merchant|Hogni
trp_town_8_merchant|Comerciante
trp_town_9_merchant|Comerciante
trp_town_10_merchant|Comerciante
trp_town_11_merchant|Adda
trp_town_12_merchant|Comerciante
trp_town_13_merchant|Comerciante
trp_town_14_merchant|Comerciante
trp_town_15_merchant|Comerciante
trp_town_16_merchant|Comerciante
trp_town_17_merchant|Comerciante
trp_town_18_merchant|Comerciante
trp_town_19_merchant|Comerciante
trp_town_20_merchant|Comerciante
trp_town_21_merchant|Comerciante
trp_town_22_merchant|Comerciante
trp_town_23_merchant|Comerciante
trp_town_24_merchant|Comerciante
trp_town_25_merchant|Comerciante
trp_town_26_merchant|Comerciante
trp_town_27_merchant|Comerciante
trp_town_28_merchant|Comerciante
trp_town_29_merchant|Comerciante
trp_salt_mine_merchant|Aeron ap Gareth
trp_salt_mine_merchant_pl|Aeron ap Gareth
trp_town_1_horse_merchant|Comerciante de Cavalos
trp_town_2_horse_merchant|Comerciante de Cavalos
trp_town_3_horse_merchant|Comerciante de Cavalos
trp_town_4_horse_merchant|Comerciante de Cavalos
trp_town_5_horse_merchant|Comerciante de Cavalos
trp_town_6_horse_merchant|Comerciante de Cavalos
trp_town_7_horse_merchant|Comerciante de Cavalos
trp_town_8_horse_merchant|Comerciante de Cavalos
trp_town_9_horse_merchant|Comerciante de Cavalos
trp_town_10_horse_merchant|Comerciante de Cavalos
trp_town_11_horse_merchant|Comerciante de Cavalos
trp_town_12_horse_merchant|Comerciante de Cavalos
trp_town_13_horse_merchant|Comerciante de Cavalos
trp_town_14_horse_merchant|Comerciante de Cavalos
trp_town_15_horse_merchant|Comerciante de Cavalos
trp_town_16_horse_merchant|Comerciante de Cavalos
trp_town_17_horse_merchant|Comerciante de Cavalos
trp_town_18_horse_merchant|Comerciante de Cavalos
trp_town_19_horse_merchant|Comerciante de Cavalos
trp_town_20_horse_merchant|Comerciante de Cavalos
trp_town_21_horse_merchant|Comerciante de Cavalos
trp_town_22_horse_merchant|Comerciante de Cavalos
trp_town_23_horse_merchant|Comerciante de Cavalos
trp_town_24_horse_merchant|Comerciante de Cavalos
trp_town_25_horse_merchant|Comerciante de Cavalos
trp_town_26_horse_merchant|Comerciante de Cavalos
trp_town_27_horse_merchant|Comerciante de Cavalos
trp_town_28_horse_merchant|Comerciante de Cavalos
trp_town_29_horse_merchant|Comerciante de Cavalos
trp_town_1_mayor|Prefeito
trp_town_2_mayor|Prefeito
trp_town_3_mayor|Prefeito
trp_town_4_mayor|Hallvard
trp_town_5_mayor|Prefeito
trp_town_6_mayor|Prefeito
trp_town_7_mayor|Prefeito
trp_town_8_mayor|Prefeito
trp_town_9_mayor|Prefeito
trp_town_10_mayor|Prefeito
trp_town_11_mayor|Prefeito
trp_town_12_mayor|Prefeito
trp_town_13_mayor|Prefeito
trp_town_14_mayor|Prefeito
trp_town_15_mayor|Prefeito
trp_town_16_mayor|Prefeito
trp_town_17_mayor|Prefeito
trp_town_18_mayor|Prefeito
trp_town_19_mayor|Prefeito
trp_town_20_mayor|Prefeito
trp_town_21_mayor|Prefeito
trp_town_22_mayor|Donngal
trp_town_23_mayor|Prefeito
trp_town_24_mayor|Prefeito
trp_town_25_mayor|Prefeito
trp_town_26_mayor|Prefeito
trp_town_27_mayor|Prefeito
trp_town_28_mayor|Prefeito
trp_town_29_mayor|Prefeito
trp_village_1_elder|Líder Local
trp_village_2_elder|Líder Local
trp_village_3_elder|Líder Local
trp_village_4_elder|Líder Local
trp_village_5_elder|Líder Local
trp_village_6_elder|Líder Local
trp_village_7_elder|Líder Local
trp_village_8_elder|Líder Local
trp_village_9_elder|Líder Local
trp_village_10_elder|Líder Local
trp_village_11_elder|Líder Local
trp_village_12_elder|Líder Local
trp_village_13_elder|Líder Local
trp_village_14_elder|Líder Local
trp_village_15_elder|Líder Local
trp_village_16_elder|Líder Local
trp_village_17_elder|Líder Local
trp_village_18_elder|Líder Local
trp_village_19_elder|Líder Local
trp_village_20_elder|Líder Local
trp_village_21_elder|Líder Local
trp_village_22_elder|Líder Local
trp_village_23_elder|Líder Local
trp_village_24_elder|Líder Local
trp_village_25_elder|Líder Local
trp_village_26_elder|Líder Local
trp_village_27_elder|Líder Local
trp_village_28_elder|Líder Local
trp_village_29_elder|Líder Local
trp_village_30_elder|Líder Local
trp_village_31_elder|Líder Local
trp_village_32_elder|Líder Local
trp_village_33_elder|Líder Local
trp_village_34_elder|Líder Local
trp_village_35_elder|Líder Local
trp_village_36_elder|Líder Local
trp_village_37_elder|Líder Local
trp_village_38_elder|Líder Local
trp_village_39_elder|Líder Local
trp_village_40_elder|Líder Local
trp_village_41_elder|Líder Local
trp_village_42_elder|Líder Local
trp_village_43_elder|Líder Local
trp_village_44_elder|Líder Local
trp_village_45_elder|Líder Local
trp_village_46_elder|Líder Local
trp_village_47_elder|Líder Local
trp_village_48_elder|Líder Local
trp_village_49_elder|Líder Local
trp_village_50_elder|Líder Local
trp_village_51_elder|Líder Local
trp_village_52_elder|Líder Local
trp_village_53_elder|Líder Local
trp_village_54_elder|Líder Local
trp_village_55_elder|Líder Local
trp_village_56_elder|Líder Local
trp_village_57_elder|Líder Local
trp_village_58_elder|Líder Local
trp_village_59_elder|Líder Local
trp_village_60_elder|Líder Local
trp_village_61_elder|Líder Local
trp_village_62_elder|Líder Local
trp_village_63_elder|Líder Local
trp_village_64_elder|Líder Local
trp_village_65_elder|Líder Local
trp_village_66_elder|Líder Local
trp_village_67_elder|Líder Local
trp_village_68_elder|Líder Local
trp_village_69_elder|Líder Local
trp_village_70_elder|Líder Local
trp_village_71_elder|Líder Local
trp_village_72_elder|Líder Local
trp_village_73_elder|Líder Local
trp_village_74_elder|Líder Local
trp_village_75_elder|Líder Local
trp_village_76_elder|Líder Local
trp_village_77_elder|Líder Local
trp_village_78_elder|Líder Local
trp_village_79_elder|Líder Local
trp_village_80_elder|Líder Local
trp_village_81_elder|Líder Local
trp_village_82_elder|Líder Local
trp_village_83_elder|Líder Local
trp_village_84_elder|Líder Local
trp_village_85_elder|Líder Local
trp_village_86_elder|Líder Local
trp_village_87_elder|Líder Local
trp_village_88_elder|Líder Local
trp_village_89_elder|Líder Local
trp_village_90_elder|Líder Local
trp_village_91_elder|Líder Local
trp_village_92_elder|Líder Local
trp_village_93_elder|Líder Local
trp_village_94_elder|Líder Local
trp_village_95_elder|Líder Local
trp_village_96_elder|Líder Local
trp_village_97_elder|Líder Local
trp_village_98_elder|Ingolf o Ancião
trp_village_99_elder|Oleif o Ancião
trp_village_100_elder|Líder Local
trp_village_101_elder|Líder Local
trp_village_102_elder|Líder Local
trp_village_103_elder|Líder Local
trp_village_104_elder|Líder Local
trp_village_105_elder|Líder Local
trp_village_106_elder|Líder Local
trp_village_107_elder|Líder Local
trp_village_108_elder|Líder Local
trp_village_109_elder|Líder Local
trp_village_110_elder|Líder Local
trp_village_111_elder|Líder Local
trp_village_112_elder|Líder Local
trp_village_113_elder|Líder Local
trp_village_114_elder|Líder Local
trp_village_115_elder|Líder Local
trp_village_116_elder|Líder Local
trp_village_117_elder|Líder Local
trp_village_118_elder|Líder Local
trp_village_119_elder|Líder Local
trp_village_120_elder|Líder Local
trp_village_121_elder|Líder Local
trp_village_122_elder|Líder Local
trp_village_123_elder|Líder Local
trp_village_124_elder|Líder Local
trp_village_125_elder|Líder Local
trp_village_126_elder|Líder Local
trp_village_127_elder|Líder Local
trp_village_128_elder|Líder Local
trp_village_129_elder|Líder Local
trp_village_130_elder|Líder Local
trp_village_131_elder|Líder Local
trp_village_132_elder|Líder Local
trp_village_133_elder|Líder Local
trp_village_134_elder|Líder Local
trp_village_135_elder|Líder Local
trp_village_136_elder|Líder Local
trp_village_137_elder|Líder Local
trp_village_138_elder|Líder Local
trp_village_139_elder|Líder Local
trp_village_140_elder|Líder Local
trp_village_141_elder|Líder Local
trp_village_142_elder|Líder Local
trp_village_143_elder|Líder Local
trp_village_144_elder|Líder Local
trp_village_145_elder|Líder Local
trp_village_146_elder|Líder Local
trp_village_147_elder|Líder Local
trp_village_148_elder|Líder Local
trp_village_149_elder|Líder Local
trp_village_150_elder|Thonkrik
trp_monje_mercader|Monge Mercador
trp_monje_mercader_pl|Monges Mercadores
trp_merchants_end|fim de comerciantes
trp_merchants_end_pl|fim de comerciantes
trp_town_1_healer|Médico
trp_town_2_healer|Médico
trp_town_3_healer|Médico
trp_town_4_healer|Médico
trp_town_5_healer|Médico
trp_town_6_healer|Médico
trp_town_7_healer|Médico
trp_town_8_healer|Médico
trp_town_9_healer|Médico
trp_town_10_healer|Médico
trp_town_11_healer|Médico
trp_town_12_healer|Médico
trp_town_13_healer|Médico
trp_town_14_healer|Médico
trp_town_15_healer|Médico
trp_town_16_healer|Médico
trp_town_17_healer|Médico
trp_town_18_healer|Médico
trp_town_19_healer|Médico
trp_town_20_healer|Médico
trp_town_21_healer|Médico
trp_town_22_healer|Médico
trp_town_23_healer|Médico
trp_town_24_healer|Médico
trp_town_25_healer|Médico
trp_town_26_healer|Médico
trp_town_27_healer|Médico
trp_town_28_healer|Médico
trp_town_29_healer|Médico
trp_town_30_healer|Médico
trp_healer_end|final de curandeiro
trp_town_1_shipwright|Carpinteiro Naval
trp_town_2_shipwright|Carpinteiro Naval
trp_town_3_shipwright|Carpinteiro Naval
trp_port_chief|Mestre do Porto
trp_port_chief_pl|Mestres do Porto
trp_town_5_shipwright|Kalle o Construtor Naval
trp_town_6_shipwright|Carpinteiro Naval
trp_town_7_shipwright|Carpinteiro Naval
trp_town_8_shipwright|Carpinteiro Naval
trp_town_9_shipwright|Carpinteiro Naval
trp_town_10_shipwright|Carpinteiro Naval
trp_town_11_shipwright|Carpinteiro Naval
trp_town_12_shipwright|Carpinteiro Naval
trp_town_13_shipwright|Carpinteiro Naval
trp_town_14_shipwright|Carpinteiro Naval
trp_town_15_shipwright|Carpinteiro Naval
trp_town_16_shipwright|Carpinteiro Naval
trp_town_17_shipwright|Carpinteiro Naval
trp_town_18_shipwright|Carpinteiro Naval
trp_town_19_shipwright|Carpinteiro Naval
trp_town_20_shipwright|Carpinteiro Naval
trp_town_21_shipwright|Carpinteiro Naval
trp_town_22_shipwright|Carpinteiro Naval
trp_town_23_shipwright|Carpinteiro Naval
trp_town_24_shipwright|Carpinteiro Naval
trp_town_25_shipwright|Carpinteiro Naval
trp_town_26_shipwright|Carpinteiro Naval
trp_town_27_shipwright|Carpinteiro Naval
trp_town_28_shipwright|Carpinteiro Naval
trp_town_29_shipwright|Carpinteiro Naval
trp_shipwright_end|Javali
trp_shipwright_end_pl|Javalis
trp_town_1_master_craftsman|Artesão
trp_town_2_master_craftsman|Artesão
trp_town_3_master_craftsman|Artesão
trp_town_4_master_craftsman|Artesão
trp_town_5_master_craftsman|Artesão
trp_town_6_master_craftsman|Artesão
trp_town_7_master_craftsman|Artesão
trp_town_8_master_craftsman|Artesão
trp_town_9_master_craftsman|Artesão
trp_town_10_master_craftsman|Artesão
trp_town_11_master_craftsman|Artesão
trp_town_12_master_craftsman|Artesão
trp_town_13_master_craftsman|Artesão
trp_town_14_master_craftsman|Artesão
trp_town_15_master_craftsman|Artesão
trp_town_16_master_craftsman|Artesão
trp_town_17_master_craftsman|Artesão
trp_town_18_master_craftsman|Artesão
trp_town_19_master_craftsman|Artesão
trp_town_20_master_craftsman|Artesão
trp_town_21_master_craftsman|Artesão
trp_town_22_master_craftsman|Artesão
trp_town_23_master_craftsman|Artesão
trp_town_24_master_craftsman|Artesão
trp_town_25_master_craftsman|Artesão
trp_town_26_master_craftsman|Artesão
trp_town_27_master_craftsman|Artesão
trp_town_28_master_craftsman|Artesão
trp_town_29_master_craftsman|Artesão
trp_local_merchant|Mercador Local
trp_local_merchant_pl|Mercadores Locais
trp_tax_rebel|Camponês Rebelde
trp_tax_rebel_pl|Camponeses Rebeldes
trp_trainee_peasant|Camponês
trp_trainee_peasant_pl|Camponeses
trp_fugitive|Homem Suspeito
trp_fugitive_pl|Homem Suspeito
trp_belligerent_drunk|Bêbado Agressivo
trp_belligerent_drunk_pl|Bêbado Agressivo
trp_hired_assassin|Viajante
trp_hired_assassin_pl|Assassino Contratado
trp_fight_promoter|Sujeito de Aspecto Rude
trp_fight_promoter_pl|Sujeito de Aspecto Rude
trp_spy|Citadino Normal
trp_spy_pl|Citadinos Normais
trp_spy_partner|Citadino Comum
trp_spy_partner_pl|Citadinos Comuns
trp_camp_armory|Arsenal de Campo
trp_camp_armory_pl|Arsenal de Campo
trp_nurse_for_lady|Enfermeira
trp_nurse_for_lady_pl|Enfermeira
trp_temporary_minister|Ministro
trp_temporary_minister_pl|Ministro
trp_norse_multiplayer|Hirdman
trp_norse_multiplayer_pl|Hirdmen
trp_saxon_multiplayer|Geanata
trp_saxon_multiplayer_pl|Geanatas
trp_angle_multiplayer|Geanata
trp_angle_multiplayer_pl|Geanatas
trp_briton_multiplayer|Milwr
trp_briton_multiplayer_pl|Milwyr
trp_irish_multiplayer|Cliarthaire
trp_irish_multiplayer_pl|Cliarthairi
trp_scotch_multiplayer|Bruide
trp_scotch_multiplayer_pl|Bruides
trp_norse_capitan|Nobre (Hersi)
trp_norse_capitan_pl|Nobres (Hersir)
trp_norse_elite|Guerreiro de Elite (Huskarl)
trp_norse_elite_pl|Guerreiros de Elite (Huskarlar)
trp_saxon_capitan|Nobre (Thegn)
trp_saxon_capitan_pl|Nobres (Thegns)
trp_saxon_elite|Guardião (Hearthweru)
trp_saxon_elite_pl|Guardiões (Hearthwerus)
trp_angle_capitan|Nobre (Thegn)
trp_angle_capitan_pl|Nobres (Thegns)
trp_angle_elite|Guardião (Hearthweru)
trp_angle_elite_pl|Guardiões (Hearthwerus)
trp_briton_capitan|Nobre (Uchelwr)
trp_briton_capitan_pl|Nobres (Uchelwyr)
trp_briton_elite|Campeão (Campiwr)
trp_briton_elite_pl|Campeões (Campgwr)
trp_irish_capitan|Nobre (Airig)
trp_irish_capitan_pl|Nobres (Arras)
trp_irish_elite|Guardião (Deaisbard)
trp_irish_elite_pl|Guardiões (Deaisbards)
trp_scotch_capitan|Nobre (Toisech)
trp_scotch_capitan_pl|Nobres (Toisechs)
trp_scotch_elite|Campeão (Gaisgidh)
trp_scotch_elite_pl|Campeões (Gaisgidhs)
trp_nurse|Enfermeira
trp_quick_battle_troop_1|Bodo o Cantábrio
trp_quick_battle_troop_1_pl|Bodo o Cantábrio
trp_quick_battle_troop_2|Sven Pescoço de Touro
trp_quick_battle_troop_2_pl|Sven Pescoço de Touro
trp_quick_battle_troop_3|Cerball mac Dunlainge
trp_quick_battle_troop_3_pl|Cerball mac Dunlainge
trp_quick_battle_troop_4|Artorius
trp_quick_battle_troop_4_pl|Artorius
trp_quick_battle_troop_5|Cinead
trp_quick_battle_troop_5_pl|Cinead
trp_quick_battle_troop_6|Oswald
trp_quick_battle_troop_6_pl|Oswald
trp_quick_battle_troop_7|Hildr
trp_quick_battle_troop_7_pl|Hildr
trp_quick_battle_troops_cam|Camera
trp_quick_battle_troops_cam_pl|Camera
trp_tutorial_fighter_1|Guerreiro Novato
trp_tutorial_fighter_1_pl|Lutadores
trp_tutorial_fighter_2|Guerreiro Novato
trp_tutorial_fighter_2_pl|Lutadores
trp_tutorial_fighter_3|Guerreiro Regular
trp_tutorial_fighter_3_pl|Lutadores
trp_tutorial_fighter_4|Guerreiro Veterano
trp_tutorial_fighter_4_pl|Lutadores
trp_tutorial_archer_1|Arqueiro
trp_tutorial_archer_1_pl|Arqueiros
trp_tutorial_master_archer|Treinador de Arquerismo
trp_tutorial_master_archer_pl|Treinador de Arquerismo
trp_tutorial_rider_1|Cavalariço
trp_tutorial_rider_2|Horsewealas
trp_tutorial_master_horseman|Treinador de Equitação
trp_tutorial_master_horseman_pl|Treinador de Equitação
trp_swadian_merchant|Mercador
trp_vaegir_merchant|Mercador
trp_khergit_merchant|Mercador
trp_nord_merchant|Curandeiro
trp_rhodok_merchant|Mercador
trp_sarranid_merchant|Mercador
trp_startup_merchants_end|final de comerciantes iniciais
trp_startup_merchants_end_pl|fim de comerciantes de inicialização
trp_old_hero_boargrove|Velho Herói
trp_old_hero_boargrove_pl|Velhos Heróis
trp_sea_raider_leader|Berserkr
trp_sea_raider_leader_pl|Berserkir
trp_looter_leader|Ulfhedinn
trp_looter_leader_pl|Ulfhednar
trp_bandit_leaders_end|fim de líderes de bandido
trp_bandit_leaders_end_pl|final de líderes de bandido
trp_relative_of_merchant|Capitão Astúrio
trp_relative_of_merchants_end|fim de parente decomerciantes
trp_relative_of_merchants_end_pl|fim de parente de comerciantes
trp_sacerdote_lair|Padre Beda
trp_sacerdote_lair_pl|Padre
trp_pagano_lair|Godi Olafr
trp_pagano_lair_pl|Padre
trp_bardo_lair|Bardo Siwi
trp_bardo_lair_pl|Bardo
trp_skald_lair|Skald Bragi
trp_skald_lair_pl|Bardo
trp_quastuosa_lair1|Suaibsech
trp_quastuosa_lair1_pl|quastuosa
trp_quastuosa_lair2|Tancoystl
trp_quastuosa_lair2_pl|quastuosa
trp_quastuosa_lair3|Gulla
trp_quastuosa_lair3_pl|quastuosa
trp_quastuosa_lair4|Eadgyd
trp_quastuosa_lair4_pl|quastuosa
trp_lair_barber1|Aurelius
trp_lair_barber1_pl|Aurelius
trp_lair_barber2|Morgan
trp_lair_barber2_pl|Morgan
trp_lair_barber3|Alexander
trp_lair_barber3_pl|Alexander
trp_lair_barber4|Ailill
trp_lair_barber4_pl|Ailill
trp_cook_lair|Wamba
trp_cook_lair_pl|Cook
trp_lair_captain|Marcus
trp_lair_captain_pl|Capitães de Covil
trp_mule_troop|O Sapo
trp_mule_troop_pl|Os Sapo
trp_leader_playerrf|Veterano
trp_leader_playerrf_pl|Veterano
trp_mountain_bandit_leader|Coração Lupino
trp_mountain_bandit_leader_pl|Coração Lupino
trp_last_druid|Druida
trp_last_druid_pl|Druida
trp_old_roman|Velho Romano
trp_old_roman_pl|Velho Romano
trp_sea_raider_hero2|Capitão Herói
trp_sea_raider_hero2_pl|Capitão Herói
trp_desert_bandit_hero|Bandido Rei
trp_desert_bandit_hero_pl|Bandido Rei
trp_troll_bridge|Homem Enorme
trp_troll_bridge_pl|Homem Enorme
trp_elf_riddles|Homem Nanico
trp_elf_riddles_pl|Homem Nanico
trp_silo_gallaecia|Comes Silo de Galícia
trp_silo_gallaecia_pl|Silo de Galícia
trp_petrus_didaz|Dux Petrus Didaz
trp_petrus_didaz_pl|Dux Petro de Oveto
trp_gundinsalvo_cantabrian|Comes Gundinsalvo de Amaia
trp_gundinsalvo_cantabrian_pl|Comes Gundinsalvo de Amaia
trp_port_crew|Velho Capitão do Mar
trp_port_crew_pl|Capitães SR
trp_port_pirate|Comerciante de Escravos
trp_port_pirate_pl|Comerciantes de Escravos
trp_fisher|Pesqueiro
trp_fisher_pl|Pesqueiros
trp_thiaderd|Thiaderd
trp_thiaderd_pl|Thiaderd
trp_sea_raider_prisoner|Capitão de Navio
trp_sea_raider_prisoner_pl|Capitães
trp_doccinga_torturador|Torturador
trp_doccinga_torturador_pl|Torturadores
trp_leader_svenlair|Harald
trp_leader_svenlair_pl|Capitães
trp_farmstead_prisoner|Prisioneiro
trp_farmstead_prisoner_pl|Prisioneiro
trp_sven_brother|Olvir Cabelo Branco
trp_sven_brother_pl|Olvir
trp_atli_eiriksson|Atli Eiriksson
trp_atli_eiriksson_pl|Atli
trp_sven_bull_neck|Sven Pescoço de Touro
trp_sven_bull_neck_pl|Sven
trp_frisianship_merchant|Capitão
trp_sailors|Marinheiro do Woden Ric
trp_sailors_pl|Marinheiros do Woden Ric
trp_mercenary_arqueros|Arqueiro Mercenário
trp_mercenary_arqueros_pl|Arqueiros Mercenários
trp_bodo_falso|Bodo
trp_bodo_falso_pl|Bodo
trp_your_tutorialwife|Mãe
trp_your_tutorialwife_pl|Mãe
trp_your_motherold|Mãe Idosa
trp_your_motherold_pl|Mãe Idosa
trp_ulf_thefarmer|Ulf
trp_hija_granja|Thora
trp_hija_granja_pl|Thora
trp_orm_robagranjas|Orm Svarti
trp_orm_robagranjas_pl|Orm Svarti
trp_pagano|Godi Olafr
trp_pagano_pl|Sacerdote
; trp_pseudo_troop_01|Gjalfrmarr
trp_pseudo_troop_01_pl|pt
; trp_pseudo_troop_02|Eydendr
trp_pseudo_troop_02_pl|pt
; trp_pseudo_troop_03|Gunnmas
trp_pseudo_troop_03_pl|pt
; trp_pseudo_troop_04|Sundvargs
trp_pseudo_troop_04_pl|pt
; trp_pseudo_troop_05|Unnswin
trp_pseudo_troop_05_pl|pt
; trp_pseudo_troop_06|Bengrefill
trp_pseudo_troop_06_pl|pt
; trp_pseudo_troop_07|Elgslagar
trp_pseudo_troop_07_pl|pt
; trp_pseudo_troop_08|Arajo
trp_pseudo_troop_08_pl|pt
; trp_pseudo_troop_09|Byrskids
trp_pseudo_troop_09_pl|pt
trp_pseudo_troop_end|Segunda Vestimenta
trp_pseudo_troop_end_pl|final de tropa de pseudo
trp_the_snake|A Serpente
trp_the_snake_pl|A Serpente
trp_campeon_1|Aed mac Ainmerech
trp_campeon_1_pl|Aed mac Ainmerech
trp_campeon_2|Olchobar mac Cinaeda
trp_campeon_2_pl|Olchobar mac Cinaeda
trp_slave|Escravo
trp_slave_pl|Escravos
trp_morrigan_npc|Morrigan
trp_morrigan_npc_pl|Morrigan
trp_dog|Cão
trp_dog_pl|Cães
trp_caliacas_son|Bran mac Caliacas
trp_caliacas_son_pl|Bran mac Caliacas
trp_maelbresail_man|Fergus mac Cormaic
trp_maelbresail_man_pl|Fergus mac Cormaic
trp_maelbressail_nother|Mãe de Mael Bresail
trp_maelbressail_nother_pl|Mãe de Mael Bresail
trp_mp_norse_peasant|Camponês
trp_mp_norse_peasant_pl|Camponês
trp_mp_saxon_peasant|Camponês
trp_mp_saxon_peasant_pl|Camponês
trp_mp_angle_peasant|Camponês
trp_mp_angle_peasant_pl|Camponês
trp_mp_briton_peasant|Camponês
trp_mp_briton_peasant_pl|Camponês
trp_mp_irish_peasant|Camponês
trp_mp_irish_peasant_pl|Camponês
trp_mp_scotch_peasant|Camponês
trp_mp_scotch_peasant_pl|Camponês
trp_mp_norse_infantry|Infantaria Nórdica
trp_mp_norse_infantry_pl..=."."
trp_mp_norse_archer|Arqueiro Nórdico
trp_mp_norse_archer_pl..=."."
trp_mp_norse_cavalry|Cavalaria Nórdica
trp_mp_norse_cavalry_pl..=."."
trp_mp_saxon_infantry|Infantaria Saxã
trp_mp_saxon_infantry_pl..=."."
trp_mp_saxon_archer|ArqueiroSaxão
trp_mp_saxon_archer_pl..=."."
trp_mp_saxon_cavalry|Cavalaria Saxã
trp_mp_saxon_cavalry_pl..=."."
trp_mp_angle_infantry|Infantaria Angla
trp_mp_angle_infantry_pl..=."."
trp_mp_angle_archer|Arqueiro Anglo
trp_mp_angle_archer_pl..=."."
trp_mp_angle_cavalry|Cavalaria Angla
trp_mp_angle_cavalry_pl..=."."
trp_mp_briton_infantry|Infantaria Bretã
trp_mp_briton_infantry_pl..=."."
trp_mp_briton_archer|Arqueiro  Bretão
trp_mp_briton_archer_pl..=."."
trp_mp_briton_cavalry|Cavalaria  Bretã
trp_mp_briton_cavalry_pl..=."."
trp_mp_irish_infantry|Infantaria Gaélica
trp_mp_irish_infantry_pl..=."."
trp_mp_irish_archer|Arqueiro Gaélico
trp_mp_irish_archer_pl..=."."
trp_mp_irish_cavalry|Cavalaria Gaélica
trp_mp_irish_cavalry_pl..=."."
trp_mp_scotch_infantry|Infantaria Picta
trp_mp_scotch_infantry_pl..=."."
trp_mp_scotch_archer|Arqueiro Picto
trp_mp_scotch_archer_pl..=."."
trp_mp_scotch_cavalry|Cavalaria Picta
trp_mp_scotch_cavalry_pl..=."."
trp_norse_peasant_ai|Homem Livre Nórdico (Leysingi)
trp_norse_peasant_ai_pl|Homens Livres Nórdicos (Leysingi)
trp_saxon_peasant_ai|Camponês Saxão (Gebur)
trp_saxon_peasant_ai_pl|Camponeses (Geburas)
trp_angle_peasant_ai|Camponês Anglo (Gebur)
trp_angle_peasant_ai_pl|Camponeses (Geburas)
trp_briton_peasant_ai|Servo Bretão (Aillt)
trp_briton_peasant_ai_pl|Servos Bretões (Aillt)
trp_irish_peasant_ai|Servo Irlandês (Senchleithe)
trp_irish_peasant_ai_pl|Servos Irlandeses (Senchleithe)
trp_scotch_peasant_ai|Camponês Picto (Bachlach)
trp_scotch_peasant_ai_pl|Camponeses (Bachlach)
trp_fake_berserker|Berserkr
trp_fake_berserker_pl|Berserkir
